index,loan_id,disp_id,type,loan_acc_number,acc_open_date,acc_closure_date,duration_months,principal_,outstanding,interest_rate
247,369,2363,Home Loan,6.56458e+15,2019-11-08,,36,56000,41140.65,13.02
888,674,4360,Home Loan,4918866148154682.0,2023-12-28,,36,80000,21798.01,11.84
35,724,4701,Home Loan,4194087989507277.0,2023-01-27,,36,20000,4609.56,9.23
409,387,2481,Home Loan,4.5277675819192776e+18,2022-04-18,,36,28000,13749.04,8.46
59,461,2977,Home Loan,6574951849043085.0,2023-08-21,,36,47000,583.15,7.35
631,89,497,Home Loan,348524414390062.0,2023-04-22,,36,62000,2382.33,12.45
60,239,1453,Home Loan,6.55984e+15,2023-08-24,,36,79000,42581.71,11.77
828,429,2709,Home Loan,4411868416843733.0,2023-11-05,,36,75000,41260.36,15.76
597,529,3357,Home Loan,4.1914722663640443e+18,2023-02-27,,36,21000,18300.08,11.74
428,305,1914,Home Loan,4339874017963.0,2022-05-23,,36,22000,5626.49,12.37
542,532,3382,Home Loan,4846346908877555.0,2022-11-30,,36,22000,13185.96,6.32
582,340,2155,Home Loan,4551277297640236.0,2023-01-25,,36,98000,47207.1,7.24
76,230,1388,Home Loan,4.88621e+15,2023-10-25,,36,66000,54709.29,9.53
438,353,2259,Home Loan,4.8001505989057331e+18,2022-06-11,,36,52000,11800.09,7.2
378,714,4638,Home Loan,6011012470987743.0,2022-01-09,,36,97000,80498.24,8.37
30,382,2445,Home Loan,4424384479698639.0,2022-11-22,,36,93000,2308.53,12.54
70,255,1579,Home Loan,4034935953925525.0,2023-10-01,,36,2000,1408.63,7.71
40,269,1718,Home Loan,3588931336069018.0,2023-03-22,,36,19000,5404.77,7.82
283,699,4532,Home Loan,341222464988250.0,2020-09-26,,36,11000,1132.18,13.52
647,645,4166,Home Loan,6011784592124724.0,2023-05-17,,36,76000,61547.35,9.36
261,737,4791,Home Loan,3530537085445058.0,2020-04-13,,36,92000,61920.62,7.37
50,475,3075,Home Loan,4.638394162013826e+18,2023-05-31,,36,38000,6224.71,15.37
804,792,5526,Home Loan,2276206251114753.0,2023-10-11,,36,37000,20539.06,13.62
410,226,1378,Home Loan,3549240614963225.0,2022-04-18,,36,17000,5950.71,6.76
78,445,2820,Home Loan,30469597311092.0,2023-11-19,,36,70000,17912.83,14.66
699,66,425,Home Loan,4848784266281309.0,2023-07-08,,36,89000,18896.47,11.63
343,1087,10887,Home Loan,630455596134.0,2021-10-06,,36,82000,31328.13,15.28
72,1,9,Home Loan,4.8978977638968842e+18,2023-10-16,,36,100000,8169.98,13.28
395,199,1213,Home Loan,180055728657939.0,2022-02-07,,36,2000,1940.35,12.56
550,536,3404,Home Loan,4854486795228.0,2022-12-13,,36,74000,46727.21,8.85
426,847,6610,Home Loan,30165917695145.0,2022-05-20,,36,77000,39362.59,12.05
62,1195,12787,Home Loan,4502426950090284.0,2023-09-04,,36,36000,1771.96,12.6
356,1014,9452,Home Loan,30304845485416.0,2021-11-02,,36,87000,893.81,11.82
592,391,2493,Home Loan,3527377882693211.0,2023-02-24,,36,26000,9781.06,15.53
310,37,238,Home Loan,4161099412617.0,2021-04-20,,36,8000,4289.65,12.66
15,184,1089,Home Loan,4.6500707038741289e+18,2022-06-03,,36,68000,23167.22,12.26
500,206,1243,Home Loan,6.50525e+15,2022-09-22,,48,58000,47083.07,6.81
365,300,1890,Home Loan,378472788211246.0,2021-11-20,,48,99000,39798.42,14.25
752,702,4543,Home Loan,4.79546e+15,2023-08-30,,48,22000,16170.36,11.5
848,178,1057,Home Loan,30400239938828.0,2023-11-21,,48,32000,6798.88,11.38
416,730,4749,Home Loan,4080725536712273.0,2022-05-02,,48,37000,9295.15,10.9
533,555,3544,Home Loan,4.7438788917570744e+18,2022-11-19,,48,21000,13215.45,9.73
751,1023,9621,Home Loan,213137281391931.0,2023-08-30,,48,90000,27489.12,15.14
21,546,3465,Home Loan,4.1593030208128184e+18,2022-08-19,,48,45000,16660.85,14.61
689,627,3994,Home Loan,4.133272936998487e+18,2023-07-05,,48,26000,6692.25,9.28
337,890,7422,Home Loan,2576583087226226.0,2021-09-08,,48,84000,74243.73,11.89
717,525,3337,Home Loan,676210306095.0,2023-07-27,,48,62000,34983.82,15.61
38,100,562,Home Loan,4.9169756862126254e+18,2023-02-21,,48,25000,24488.62,8.84
383,850,6644,Home Loan,2282550664451415.0,2022-01-16,,48,87000,3139.75,6.91
249,483,3115,Home Loan,3529085354276898.0,2019-11-24,,48,18000,9378.57,11.91
740,406,2548,Home Loan,3541417109272274.0,2023-08-16,,48,18000,11293.28,8.6
14,617,3944,Home Loan,30116657048540.0,2022-04-09,,48,70000,42988.66,11.75
243,181,1066,Home Loan,3540928663182593.0,2019-08-19,,48,17000,228.45,15.03
28,11,79,Home Loan,4141803607245155.0,2022-10-25,,48,16000,11428.11,10.86
835,742,4833,Home Loan,372575734762199.0,2023-11-10,,48,63000,18331.27,8.95
26,638,4100,Home Loan,370999249246534.0,2022-10-14,,48,75000,22109.03,15.02
562,566,3606,Home Loan,6011651561126677.0,2022-12-25,,48,67000,29533.75,8.97
65,544,3448,Home Loan,4814577388590445.0,2023-09-10,,48,21000,6481.73,12.67
42,52,326,Home Loan,501891257104.0,2023-04-10,,48,18000,11531.29,7.5
58,538,3414,Home Loan,3594784926173811.0,2023-08-20,,48,78000,4622.66,12.76
324,1233,13382,Home Loan,4563402845302.0,2021-07-06,,48,93000,74915.78,14.73
772,1024,9622,Home Loan,3521911171505268.0,2023-09-20,,48,75000,57202.06,11.0
4,427,2688,Home Loan,4069675852020212.0,2021-01-25,,48,35000,5778.09,10.49
832,217,1316,Home Loan,4.9409105283352463e+18,2023-11-09,,48,18000,142.42,6.23
22,182,1067,Home Loan,2299271668618831.0,2022-08-31,,48,99000,60372.94,7.5
25,874,7127,Home Loan,3575763952648147.0,2022-10-07,,48,80000,54332.35,9.51
604,276,1765,Home Loan,6547411059809349.0,2023-03-07,,48,75000,67138.85,6.42
811,339,2154,Home Loan,583856374017.0,2023-10-19,,48,98000,87052.82,14.95
786,956,8502,Home Loan,3572774245770088.0,2023-09-30,,48,25000,20826.3,14.87
77,253,1536,Home Loan,213197919212883.0,2023-11-14,,48,93000,47173.86,6.66
74,488,3134,Home Loan,3521815647457006.0,2023-10-20,,48,74000,10690.91,7.15
637,680,4417,Home Loan,676358607650.0,2023-04-29,,48,70000,33201.02,13.88
41,444,2815,Home Loan,4.8655229593858642e+18,2023-04-03,,60,96000,92090.31,11.02
809,74,453,Home Loan,213166926892565.0,2023-10-18,,60,4000,1302.36,12.22
479,598,3821,Home Loan,4206402855738516.0,2022-08-23,,60,43000,27107.45,10.02
325,407,2555,Home Loan,213134444457477.0,2021-07-11,,60,59000,47438.88,9.24
279,136,778,Home Loan,3508984013117649.0,2020-07-28,,60,53000,51613.51,8.92
86,486,3128,Home Loan,4.9794687512511386e+18,2023-12-25,,60,61000,32388.21,8.16
54,277,1777,Home Loan,30079569620212.0,2023-07-12,,60,54000,27232.08,7.93
84,371,2388,Home Loan,6011003605968948.0,2023-12-13,,60,53000,30224.9,10.26
79,704,4553,Home Loan,4.4646617311546788e+18,2023-11-21,,60,3000,2397.8,12.56
346,547,3477,Home Loan,6556605002811298.0,2021-10-11,,60,26000,18519.64,14.74
268,1247,13660,Home Loan,30127299218144.0,2020-06-13,,60,73000,56614.09,8.62
2,261,1629,Home Loan,4.06694e+15,2020-11-09,,60,88000,42249.31,15.82
32,268,1707,Home Loan,3513332487234115.0,2022-12-11,,60,2000,71.93,14.68
826,333,2128,Home Loan,4.0907304547470812e+18,2023-11-04,,60,2000,1373.01,7.28
3,296,1876,Home Loan,4642905269559999.0,2020-11-13,,60,52000,32016.64,12.81
520,359,2299,Home Loan,213188777121787.0,2022-10-29,,60,20000,18413.69,7.71
603,672,4349,Home Loan,3572991457769448.0,2023-03-07,,60,25000,17267.37,6.08
564,130,722,Home Loan,4659594562326312.0,2022-12-29,,60,96000,38666.78,8.98
411,350,2226,Home Loan,30471239807198.0,2022-04-20,,60,66000,22375.77,6.96
360,562,3583,Home Loan,30472456400139.0,2021-11-07,,60,80000,20731.71,13.72
334,278,1779,Home Loan,4923984456359.0,2021-08-15,,60,83000,30492.7,9.91
49,906,7683,Home Loan,2267345954073279.0,2023-05-18,,60,87000,55005.6,15.14
285,713,4627,Home Loan,4.2512091300870922e+18,2020-09-30,,60,22000,4672.93,9.16
469,454,2921,Home Loan,3521604122368833.0,2022-08-01,,60,72000,12536.14,9.59
66,389,2489,Home Loan,565103704476.0,2023-09-19,,60,61000,31320.01,11.0
870,886,7325,Home Loan,4.1745486282570296e+18,2023-12-15,,60,58000,12135.9,8.46
755,1098,11063,Home Loan,4.7174053997695171e+18,2023-09-01,,60,3000,2853.64,6.68
24,698,4522,Home Loan,4971902840212.0,2022-10-07,,60,55000,13110.25,7.13
23,431,2715,Home Loan,4.266251152423e+18,2022-09-12,,60,81000,43283.13,13.34
68,1007,9333,Home Loan,374092806057688.0,2023-09-25,,60,45000,10815.0,10.7
523,1056,10220,Home Loan,3596956116807972.0,2022-11-06,,60,26000,20758.69,15.72
853,466,2998,Home Loan,30246326605352.0,2023-11-25,,60,68000,50200.37,14.53
51,362,2320,Home Loan,560113374154.0,2023-06-21,,60,86000,32612.86,15.21
294,771,5233,Home Loan,6011201940984238.0,2021-01-08,,60,23000,5264.11,10.82
87,125,694,Home Loan,4.70395e+15,2023-12-26,,72,82000,80192.94,13.57
48,458,2951,Home Loan,4010907839076425.0,2023-05-14,,72,86000,20281.57,14.16
719,308,1938,Home Loan,3595870285906922.0,2023-07-30,,72,80000,74296.99,9.22
694,450,2880,Home Loan,4743338658926.0,2023-07-07,,72,46000,6602.23,11.25
653,212,1280,Home Loan,6563684066657682.0,2023-05-24,,72,46000,31294.08,10.03
477,140,798,Home Loan,3545078894887464.0,2022-08-22,,72,18000,2041.22,10.94
716,344,2168,Home Loan,6504327511982204.0,2023-07-27,,72,71000,66734.46,12.97
808,60,370,Home Loan,676117796836.0,2023-10-18,,72,38000,2573.72,15.41
339,741,4832,Home Loan,379783783246030.0,2021-09-11,,72,42000,24571.75,13.71
560,891,7434,Home Loan,4481281985337522.0,2022-12-23,,72,19000,4364.54,15.8
80,1137,11771,Home Loan,3.54195e+15,2023-12-01,,72,69000,61372.99,14.21
345,601,3830,Home Loan,4.0275404054968054e+18,2021-10-08,,72,46000,355.13,10.3
812,769,5224,Home Loan,6545327260909664.0,2023-10-20,,72,4000,1705.51,9.43
31,200,1220,Home Loan,3530753368602956.0,2022-12-09,,72,31000,16889.32,14.09
29,329,2122,Home Loan,6545009600011985.0,2022-11-19,,72,39000,6929.65,6.24
7,1187,12635,Home Loan,4710224121130313.0,2021-07-17,,72,27000,12337.46,15.96
269,652,4211,Home Loan,379682685038174.0,2020-06-16,,72,59000,26140.43,14.83
47,186,1133,Home Loan,3500414347890503.0,2023-05-12,,72,78000,4617.61,6.39
5,286,1812,Home Loan,675978791217.0,2021-04-21,,72,68000,20385.74,15.05
11,292,1842,Home Loan,6011416800623706.0,2022-01-18,,72,7000,5156.79,15.18
63,307,1930,Home Loan,180025830643002.0,2023-09-05,,72,32000,20088.59,14.48
859,1169,12354,Home Loan,4468047533453625.0,2023-11-30,,72,75000,68199.24,15.12
375,786,5478,Home Loan,4277734392427359.0,2021-12-31,,72,6000,2840.01,14.16
398,293,1850,Home Loan,570798188233.0,2022-02-17,,72,84000,6370.01,13.61
873,560,3577,Home Loan,4735890770941.0,2023-12-17,,72,3000,1079.25,10.48
782,782,5376,Home Loan,6011149267039013.0,2023-09-29,,72,49000,17810.53,14.2
805,385,2476,Home Loan,4.1871535962185462e+18,2023-10-12,,72,2000,1509.83,14.02
56,509,3253,Home Loan,2239885592185022.0,2023-07-30,,72,30000,8330.17,7.32
256,464,2984,Home Loan,2296809357680324.0,2020-02-21,,72,76000,46135.94,6.8
331,670,4343,Home Loan,6509843456077524.0,2021-08-08,,72,28000,5896.41,14.45
605,1230,13312,Home Loan,4587758746819495.0,2023-03-08,,72,56000,35208.69,8.34
81,819,5978,Home Loan,5232925873228982.0,2023-12-06,,72,99000,83194.13,11.23
64,285,1811,Home Loan,180068242564317.0,2023-09-10,,72,15000,3217.64,15.13
422,791,5521,Home Loan,563618939893.0,2022-05-12,,72,100000,95203.82,11.76
775,242,1473,Home Loan,676204812769.0,2023-09-24,,72,92000,77436.01,15.93
34,575,3667,Home Loan,3520735278742289.0,2022-12-25,,72,92000,82187.26,11.66
102,262,1647,Travel Loan,577452945477.0,2020-08-24,2021-10-06,3,58000,53458.84,11.28
138,112,626,Travel Loan,342426737887293.0,2022-01-19,,3,6000,4341.82,9.14
157,91,504,Travel Loan,4005862844472654.0,2022-09-01,,3,67000,21186.27,8.48
218,957,8506,Travel Loan,3543022793733975.0,2023-10-16,,3,52000,44762.85,11.62
114,1100,11101,Travel Loan,4696742572754.0,2021-04-10,,3,72000,37991.08,7.83
140,578,3689,Travel Loan,4956885789759.0,2022-02-21,,3,4000,3927.37,10.84
199,73,451,Travel Loan,586452189259.0,2023-07-21,,3,19000,12447.65,14.41
176,946,8359,Travel Loan,3589516993536299.0,2023-02-28,,3,44000,5122.46,14.73
104,783,5433,Travel Loan,4262516723673158.0,2020-10-24,2021-01-23,3,100000,0.0,13.64
115,216,1310,Travel Loan,30141970573727.0,2021-04-24,2022-10-25,3,44000,7969.59,13.12
108,666,4328,Travel Loan,676194454408.0,2020-12-25,2022-04-02,3,26000,24650.16,8.4
111,1139,11836,Travel Loan,4.0200406134009754e+18,2021-03-26,,3,14000,1960.97,6.23
205,1217,13098,Travel Loan,373528451917040.0,2023-08-09,,3,81000,47602.07,9.21
110,621,3970,Travel Loan,6579621748241503.0,2021-03-19,,3,70000,5105.83,9.58
139,729,4740,Travel Loan,3583826195433518.0,2022-01-22,2023-06-03,3,63000,61071.05,15.07
211,231,1390,Travel Loan,213126299117701.0,2023-09-29,,3,23000,7683.02,12.8
172,720,4674,Travel Loan,371828293413949.0,2023-02-09,2023-09-24,3,68000,13462.37,12.84
232,310,1947,Travel Loan,4.4405459373483105e+18,2023-12-23,,3,30000,15315.3,14.64
185,602,3846,Travel Loan,630441088352.0,2023-04-18,,3,63000,31596.89,11.69
120,651,4201,Travel Loan,3569851349659378.0,2021-08-02,2022-05-03,3,45000,35716.17,10.04
162,589,3766,Travel Loan,501852042107.0,2022-12-20,,3,36000,8673.96,12.34
90,174,1039,Travel Loan,3549991787412107.0,2019-12-04,,3,72000,31823.85,6.99
171,165,996,Travel Loan,4414668925257.0,2023-02-04,,3,77000,75052.52,7.58
137,137,786,Travel Loan,3512320252267213.0,2022-01-10,,3,30000,19934.65,10.72
228,657,4246,Travel Loan,3533103594091979.0,2023-12-02,,3,40000,9047.02,14.79
216,751,4941,Travel Loan,213178582484785.0,2023-10-15,,3,84000,67308.06,14.27
127,708,4568,Travel Loan,4.84964e+15,2021-09-24,,3,93000,60570.46,7.93
126,12,83,Travel Loan,4686843650211.0,2021-09-11,2023-01-27,3,62000,15527.05,12.08
179,198,1211,Travel Loan,4829596808301.0,2023-03-18,,3,31000,1833.12,11.46
145,155,900,Travel Loan,3539415991963483.0,2022-05-17,2023-02-20,3,16000,1176.82,9.54
148,270,1736,Travel Loan,3511451941056179.0,2022-06-17,,3,86000,41025.91,7.7
106,113,629,Travel Loan,3594682854990406.0,2020-11-16,2022-03-20,3,59000,53343.01,14.92
215,754,4976,Travel Loan,6011381092863651.0,2023-10-10,,3,8000,2973.77,13.27
128,197,1202,Travel Loan,675916474041.0,2021-10-21,,3,64000,57688.13,8.72
173,624,3985,Travel Loan,586299372357.0,2023-02-13,,3,41000,22551.21,14.72
225,523,3319,Travel Loan,4355274505183.0,2023-11-23,,3,34000,11140.02,12.03
213,505,3233,Travel Loan,4063022165694.0,2023-10-09,,3,25000,16410.78,11.19
143,572,3636,Travel Loan,30352828984301.0,2022-05-16,2023-06-29,3,97000,5693.77,6.92
117,44,268,Travel Loan,630474235292.0,2021-05-17,,3,82000,10564.84,13.32
132,541,3427,Travel Loan,2554158001990052.0,2021-11-26,,3,46000,19115.48,7.66
198,496,3183,Travel Loan,60406847586.0,2023-07-21,,3,84000,83084.95,6.87
182,191,1168,Travel Loan,4013583347810691.0,2023-04-02,2023-08-14,3,23000,17610.61,15.24
197,571,3627,Travel Loan,347286392532146.0,2023-07-13,,3,21000,4719.84,9.4
193,631,4061,Travel Loan,6598734581069761.0,2023-06-09,,3,62000,10942.73,7.98
93,314,1999,Travel Loan,349511147397638.0,2020-01-27,,3,41000,12127.16,15.32
146,939,8217,Travel Loan,4342465030077204.0,2022-05-29,2023-10-31,3,92000,50732.27,10.86
230,147,826,Travel Loan,6591834871381467.0,2023-12-13,2023-12-18,3,29000,1345.15,13.57
95,759,5117,Travel Loan,3596740009883591.0,2020-04-18,2021-08-13,3,22000,13484.77,6.8
212,357,2277,Travel Loan,6576540213904218.0,2023-09-29,,3,30000,3345.53,14.42
91,763,5138,Travel Loan,6011018405178274.0,2019-12-30,2021-08-23,3,26000,23739.77,6.4
204,319,2038,Travel Loan,213180821138487.0,2023-08-02,,3,58000,45989.79,13.5
133,710,4588,Travel Loan,3588434641346676.0,2021-12-10,2022-04-23,3,61000,49635.34,14.75
174,574,3640,Travel Loan,2297436162660405.0,2023-02-23,,3,86000,11273.77,12.43
169,236,1440,Travel Loan,377135175928315.0,2023-01-29,2023-04-09,3,71000,64163.68,8.76
134,363,2324,Travel Loan,4040946148634.0,2021-12-11,2023-07-14,3,53000,23154.46,7.11
214,336,2138,Travel Loan,4.4301113954933432e+18,2023-10-09,,3,17000,1587.41,6.08
109,267,1691,Travel Loan,2233622143630321.0,2021-03-09,2022-12-22,3,23000,15011.05,12.79
161,33,221,Travel Loan,213135172153881.0,2022-12-03,2023-03-11,3,73000,23949.18,15.18
158,622,3981,Travel Loan,4847812657231616.0,2022-09-22,,3,50000,25054.2,13.75
119,121,666,Travel Loan,4.3335753998694523e+18,2021-07-22,,3,96000,40860.97,9.66
224,27,167,Travel Loan,676118234647.0,2023-11-15,2023-12-01,3,62000,35138.51,7.65
209,634,4081,Travel Loan,60452129517.0,2023-09-22,,3,99000,57863.47,8.47
186,933,7959,Travel Loan,6512142760044956.0,2023-04-21,2023-11-02,3,28000,10167.8,11.45
196,738,4808,Travel Loan,4.808012211991937e+18,2023-07-02,,3,90000,22672.87,10.36
116,945,8342,Travel Loan,371922095730806.0,2021-05-09,,3,34000,19398.91,11.74
208,328,2121,Travel Loan,4.8935388153631017e+18,2023-09-12,,3,87000,28451.25,14.42
136,594,3794,Travel Loan,347170999826558.0,2021-12-27,2023-03-16,3,51000,22117.8,6.56
105,504,3230,Travel Loan,4391361448011.0,2020-11-06,,3,81000,27921.13,8.13
154,637,4094,Travel Loan,213176148299622.0,2022-08-06,,3,97000,78888.65,14.94
231,527,3348,Travel Loan,4028256906717.0,2023-12-14,2023-12-19,3,68000,65344.9,10.1
153,413,2592,Travel Loan,503841526901.0,2022-07-20,,3,100000,38701.38,15.43
189,8,60,Travel Loan,3.55391e+15,2023-05-20,,3,63000,60227.83,6.7
219,857,6789,Travel Loan,4194713811781.0,2023-10-25,,3,29000,27093.58,15.33
220,693,4495,Travel Loan,348697991632625.0,2023-11-03,,3,96000,82306.04,9.5
144,375,2425,Travel Loan,3547343804691424.0,2022-05-17,2023-06-30,3,3000,1847.79,10.72
201,42,264,Travel Loan,180076050242157.0,2023-07-28,2023-11-15,3,9000,8896.88,9.56
101,592,3782,Travel Loan,2701295921278713.0,2020-08-07,,6,41000,17472.24,10.16
177,844,6567,Travel Loan,3506466552802965.0,2023-03-04,2023-03-19,6,69000,24570.11,10.95
89,384,2475,Travel Loan,6598834338495101.0,2019-09-15,,6,90000,19011.42,6.58
121,24,153,Travel Loan,30578035216224.0,2021-08-05,,6,54000,44893.05,7.11
223,404,2540,Travel Loan,3528262781781698.0,2023-11-12,,6,5000,4215.69,7.3
141,647,4171,Travel Loan,6585295730499791.0,2022-03-21,,6,78000,33021.83,10.18
149,287,1819,Travel Loan,3523293433873729.0,2022-06-28,,6,82000,74174.18,12.02
103,97,531,Travel Loan,213178998968793.0,2020-09-19,,6,11000,1807.38,10.68
191,757,5013,Travel Loan,377708753704876.0,2023-05-22,,6,57000,55399.34,8.24
163,593,3787,Travel Loan,4.63112e+15,2023-01-06,,6,21000,13415.02,8.7
164,481,3102,Travel Loan,375473210259194.0,2023-01-06,,6,22000,10113.52,8.77
112,725,4715,Travel Loan,570061879013.0,2021-03-30,2022-04-23,6,13000,7703.93,13.38
202,740,4823,Travel Loan,2225012451317341.0,2023-07-28,,6,55000,23237.65,15.98
175,132,731,Travel Loan,502083857651.0,2023-02-26,2023-12-18,6,44000,35927.17,8.05
181,63,378,Travel Loan,3588809305747444.0,2023-03-27,2023-07-02,6,6000,260.52,10.53
207,752,4944,Travel Loan,4563556795213034.0,2023-09-06,,6,28000,15000.82,11.41
123,1043,9974,Travel Loan,345693844900601.0,2021-08-14,,6,31000,10912.3,6.18
192,358,2287,Travel Loan,213169580354559.0,2023-05-23,,6,12000,5143.2,9.59
168,67,429,Travel Loan,3527536165991358.0,2023-01-28,,6,74000,4620.1,6.6
206,425,2662,Travel Loan,379607257945514.0,2023-09-04,2023-12-03,6,22000,3344.88,6.49
156,660,4265,Travel Loan,6528253259162373.0,2022-08-19,2023-06-01,6,83000,52630.58,7.32
221,1070,10490,Travel Loan,345196659960678.0,2023-11-08,,6,32000,25555.57,15.33
97,1223,13231,Travel Loan,3594520080980447.0,2020-05-02,2021-07-31,6,64000,22482.32,7.63
183,156,906,Travel Loan,2222355203815218.0,2023-04-07,2023-08-14,6,35000,20905.64,13.15
203,95,519,Travel Loan,340060098880159.0,2023-08-01,,6,5000,738.74,9.49
135,162,967,Travel Loan,4.6990904921061059e+18,2021-12-23,,6,86000,78292.34,11.38
184,451,2888,Travel Loan,3511250600340415.0,2023-04-16,2023-12-25,6,6000,3228.65,14.45
129,813,5873,Travel Loan,213124076094201.0,2021-10-28,,6,90000,80264.45,7.63
187,1194,12781,Travel Loan,2720922641596952.0,2023-04-30,2023-11-21,6,64000,16968.76,10.56
188,457,2948,Travel Loan,38620895716208.0,2023-05-16,2023-05-20,6,68000,11086.66,13.52
125,673,4353,Travel Loan,38594738372703.0,2021-08-31,,6,92000,21981.92,6.96
170,1239,13442,Travel Loan,30295545221160.0,2023-02-02,,6,6000,1957.86,12.28
107,393,2498,Travel Loan,180054336977383.0,2020-12-03,,6,18000,12839.17,8.55
98,779,5323,Travel Loan,3516603835239569.0,2020-05-21,2021-08-13,6,34000,2287.82,14.17
96,5,51,Travel Loan,6564550800705385.0,2020-04-24,,6,45000,1065.54,11.76
210,629,4018,Travel Loan,60432380594.0,2023-09-25,,6,25000,23622.83,15.21
155,511,3257,Travel Loan,4.0625865584305766e+18,2022-08-06,,12,46000,18974.53,6.59
94,1038,9787,Travel Loan,3535584324469841.0,2020-03-30,2022-11-10,12,2000,767.3,8.03
152,403,2538,Travel Loan,180037003147539.0,2022-07-12,,12,44000,21820.32,6.25
200,323,2065,Travel Loan,30095765913128.0,2023-07-24,,12,56000,11864.73,6.18
226,388,2488,Travel Loan,4.5998619155698345e+18,2023-11-26,,12,27000,21870.18,6.2
118,204,1239,Travel Loan,4.41426e+15,2021-05-30,,12,45000,9413.07,13.38
222,636,4091,Travel Loan,370101905582555.0,2023-11-09,,12,69000,51303.42,10.95
180,315,2005,Travel Loan,4472025862985.0,2023-03-24,,12,28000,3944.94,10.67
166,28,174,Travel Loan,4976020827931395.0,2023-01-22,2023-07-31,12,47000,3397.8,6.7
217,614,3938,Travel Loan,3589710051281324.0,2023-10-16,,12,98000,49420.95,12.23
190,700,4533,Travel Loan,213163498718443.0,2023-05-22,,12,55000,54012.98,7.73
165,482,3104,Travel Loan,502071364389.0,2023-01-13,,12,47000,11602.52,9.58
160,247,1500,Travel Loan,3.55913e+15,2022-10-08,,12,8000,2905.9,7.6
142,709,4587,Travel Loan,36619127748494.0,2022-04-11,2023-10-12,12,53000,1056.97,8.68
92,477,3082,Travel Loan,4.9118146883603364e+18,2020-01-16,,12,16000,8092.93,8.38
113,289,1831,Travel Loan,4052583690539.0,2021-04-08,2022-09-21,12,81000,80939.45,6.25
150,733,4764,Travel Loan,180039370498503.0,2022-06-30,,18,22000,9142.67,14.74
131,117,649,Travel Loan,4518540648711.0,2021-11-23,2023-09-18,18,47000,5281.53,15.32
227,677,4382,Travel Loan,3529652938196726.0,2023-12-01,,18,51000,20502.63,6.67
195,991,9149,Travel Loan,30501758443007.0,2023-07-01,,18,27000,6132.37,9.78
88,721,4680,Travel Loan,4.03299e+15,2019-04-05,,18,77000,15729.47,11.53
122,587,3763,Travel Loan,4363812662975342.0,2021-08-05,2022-12-04,18,85000,42390.97,13.66
147,597,3813,Travel Loan,30428818532837.0,2022-06-06,2023-06-06,18,20000,17434.12,6.28
194,716,4651,Travel Loan,4434362850718.0,2023-06-11,,18,49000,11545.42,11.45
99,1040,9890,Travel Loan,180068530560290.0,2020-05-28,,18,41000,4793.64,12.26
159,1115,11375,Travel Loan,502085606890.0,2022-10-03,,18,34000,2105.91,12.75
124,103,584,Travel Loan,6011800220550658.0,2021-08-17,2022-07-31,18,48000,34817.82,8.58
151,122,667,Travel Loan,4878961929822249.0,2022-07-03,,18,1000,362.31,6.29
229,715,4639,Travel Loan,563824992025.0,2023-12-08,,18,54000,12597.46,14.88
178,228,1382,Travel Loan,4.204571805673089e+18,2023-03-15,,18,7000,2984.68,15.28
167,474,3066,Travel Loan,180014313137393.0,2023-01-24,,18,90000,32377.91,13.93
130,272,1754,Travel Loan,180007640217961.0,2021-10-28,,18,83000,33668.4,9.95
100,422,2650,Travel Loan,3545205492276036.0,2020-07-11,2021-06-11,18,11000,663.07,8.94
6,1254,1440,Home Renovation Loan,4630314735168101.0,2023-01-20,,3,70000,26916.65,12.1
314,600,3829,Home Renovation Loan,4478222767538197.0,2021-05-20,,3,88000,49042.84,10.99
24,1272,4588,Home Renovation Loan,4648360852186111.0,2022-01-21,,3,93000,44568.47,9.72
22,1270,4941,Home Renovation Loan,349256757535230.0,2023-11-29,,3,92000,10170.84,11.34
492,767,5204,Home Renovation Loan,4395690332211716.0,2022-09-14,,3,68000,31480.06,10.98
16,213,1289,Home Renovation Loan,4.98258e+15,2022-06-11,,3,40000,3996.15,12.2
396,347,2184,Home Renovation Loan,30314618890445.0,2022-02-11,,3,72000,5383.43,13.7
596,21,132,Home Renovation Loan,3521773405085438.0,2023-02-26,,3,81000,46768.84,6.04
18,1266,2065,Home Renovation Loan,3568126973907794.0,2023-11-28,,3,20000,18720.56,14.98
2,1250,174,Home Renovation Loan,4258121717404326.0,2023-04-07,,3,93000,21206.07,15.04
581,55,335,Home Renovation Loan,4.1213082888673562e+18,2023-01-25,,3,98000,83773.06,12.74
369,697,4518,Home Renovation Loan,180053585738538.0,2021-12-11,,3,40000,8039.07,7.79
21,1269,1211,Home Renovation Loan,180009496546253.0,2023-10-06,,3,95000,46759.83,13.27
738,386,2478,Home Renovation Loan,6011192469750003.0,2023-08-14,,3,25000,6874.32,9.92
20,1268,12781,Home Renovation Loan,346566072244109.0,2023-08-29,,3,84000,13531.25,7.98
7,1255,3813,Home Renovation Loan,4753714371739.0,2023-03-09,,3,60000,25238.38,9.15
669,7,56,Home Renovation Loan,30417792333544.0,2023-06-11,,3,14000,1976.15,16.0
424,607,3885,Home Renovation Loan,3596399056044365.0,2022-05-17,,3,53000,52566.11,11.14
436,494,3173,Home Renovation Loan,6011218496924111.0,2022-06-10,,3,2000,256.26,15.37
71,585,3753,Home Renovation Loan,3520121209587426.0,2023-10-01,,3,63000,51730.07,8.02
15,1263,5323,Home Renovation Loan,2.23405e+15,2021-06-11,,3,25000,10282.51,8.49
443,316,2013,Home Renovation Loan,676393839235.0,2022-06-17,,3,97000,66575.92,10.05
29,1277,1691,Home Renovation Loan,213131588691788.0,2022-09-25,,3,55000,9438.49,8.55
512,596,3811,Home Renovation Loan,4023862489182.0,2022-10-19,,3,38000,31583.45,12.65
446,222,1345,Home Renovation Loan,213175355012868.0,2022-06-19,,3,57000,22631.11,8.65
11,1259,5117,Home Renovation Loan,4725433808451842.0,2021-06-02,,3,75000,62839.95,15.81
505,327,2117,Home Renovation Loan,30410230069036.0,2022-10-03,,3,90000,88063.64,10.29
25,1273,2948,Home Renovation Loan,6011956935509254.0,2023-02-11,,3,9000,5860.63,8.32
504,30,202,Home Renovation Loan,343284591096389.0,2022-10-01,,3,11000,9728.46,6.36
26,1274,1310,Home Renovation Loan,213135466084289.0,2022-08-01,,3,93000,25053.58,7.51
238,377,2429,Home Renovation Loan,30418080810177.0,2019-03-03,,3,11000,8486.9,15.43
617,290,1833,Home Renovation Loan,6011706177154073.0,2023-03-24,,3,19000,143.58,15.65
672,770,5232,Home Renovation Loan,4819930099089.0,2023-06-15,,3,64000,54479.13,13.38
771,1188,12678,Home Renovation Loan,3516523284244953.0,2023-09-19,,3,55000,23392.96,7.0
423,69,438,Home Renovation Loan,501856373607.0,2022-05-17,,3,10000,2289.6,13.01
13,1261,167,Home Renovation Loan,4.0849560479034004e+18,2023-09-14,,3,22000,18419.75,9.38
684,80,471,Home Renovation Loan,4278608533549264.0,2023-06-25,,3,55000,28920.72,15.28
866,306,1929,Home Renovation Loan,2.72022e+15,2023-12-11,,3,10000,6867.28,11.89
274,661,4270,Home Renovation Loan,2720006582712776.0,2020-07-03,,3,16000,5517.13,15.23
482,610,3894,Home Renovation Loan,2720667256146169.0,2022-08-29,,3,38000,21550.71,7.79
30,1278,3640,Home Renovation Loan,4430749496835822.0,2023-12-30,,3,3000,1169.93,9.85
769,620,3959,Home Renovation Loan,571750709644.0,2023-09-17,,3,30000,24001.8,15.29
278,410,2569,Home Renovation Loan,4290779676777.0,2020-07-20,,3,55000,48777.39,15.96
590,796,5579,Home Renovation Loan,4943875486273.0,2023-02-20,,3,20000,2819.19,11.31
361,690,4479,Home Renovation Loan,4221175297770815.0,2021-11-07,,3,60000,44241.56,8.31
849,56,339,Home Renovation Loan,60481239402.0,2023-11-22,,3,48000,27899.07,10.6
17,1265,2662,Home Renovation Loan,4781790916430542.0,2023-01-05,,3,77000,67520.49,13.32
6,1176,12502,Home Renovation Loan,4924283467942683.0,2021-07-03,,3,70000,60909.14,15.02
245,478,3084,Home Renovation Loan,501807279291.0,2019-10-09,,3,58000,34935.58,11.87
10,1258,4587,Home Renovation Loan,213157988763547.0,2023-07-05,,3,23000,1914.89,7.77
510,633,4078,Home Renovation Loan,4627345778175.0,2022-10-12,,3,55000,19110.63,14.62
273,107,593,Home Renovation Loan,4.7465568978738627e+18,2020-06-27,,3,73000,53624.59,9.16
587,246,1492,Home Renovation Loan,675982064809.0,2023-02-08,,3,65000,51795.38,6.53
680,173,1031,Home Renovation Loan,370804451587817.0,2023-06-21,,3,8000,4860.59,12.57
524,273,1758,Home Renovation Loan,30567920221613.0,2022-11-07,,3,6000,1208.45,14.9
412,539,3415,Home Renovation Loan,3546189202963829.0,2022-04-23,,3,16000,6154.23,6.68
19,1267,584,Home Renovation Loan,30113610773454.0,2022-04-18,,3,97000,36916.74,12.35
17,1009,9409,Home Renovation Loan,6565929707957795.0,2022-06-14,,3,45000,24322.72,15.31
347,40,255,Home Renovation Loan,4660818992788594.0,2021-10-13,,3,79000,43065.11,10.45
349,390,2490,Home Renovation Loan,3509470041031514.0,2021-10-14,,3,15000,11937.14,13.14
248,376,2428,Home Renovation Loan,573133755435.0,2019-11-10,,3,53000,16843.67,10.24
480,355,2267,Home Renovation Loan,4102829111665.0,2022-08-28,,3,78000,11485.28,10.74
462,591,3779,Home Renovation Loan,379875162977274.0,2022-07-23,,6,94000,11077.6,14.63
744,711,4592,Home Renovation Loan,4366674686325.0,2023-08-19,,6,100000,68826.62,15.06
31,1279,629,Home Renovation Loan,378102328299175.0,2021-11-24,,6,58000,46728.93,15.4
35,1283,264,Home Renovation Loan,4329020768387.0,2023-08-13,,6,71000,29291.9,12.24
623,492,3166,Home Renovation Loan,6011641969538094.0,2023-04-09,,6,95000,63999.29,14.43
12,1260,906,Home Renovation Loan,344575225745765.0,2023-06-04,,6,30000,14515.71,10.58
1,1249,1831,Home Renovation Loan,4205612454497.0,2022-06-26,,6,33000,20013.06,12.81
519,1016,9525,Home Renovation Loan,4.164266091004734e+18,2022-10-28,,6,23000,19740.63,11.72
552,1105,11237,Home Renovation Loan,378728917012866.0,2022-12-13,,6,6000,242.61,10.42
414,576,3671,Home Renovation Loan,4136128737527109.0,2022-04-30,,6,93000,68862.65,12.96
37,459,2958,Home Renovation Loan,4826312644077631.0,2023-02-11,,6,46000,35962.64,13.05
5,1253,649,Home Renovation Loan,30510858084009.0,2023-06-28,,6,48000,28999.56,14.06
707,1167,12335,Home Renovation Loan,6504206861213891.0,2023-07-18,,6,54000,46312.63,7.12
28,1276,4061,Home Renovation Loan,2233949875385489.0,2023-11-21,,6,77000,54191.47,13.72
584,348,2203,Home Renovation Loan,4382148114455.0,2023-02-02,,6,63000,61618.44,14.96
23,1271,4328,Home Renovation Loan,6011373616586876.0,2021-12-30,,6,90000,40102.7,7.13
67,193,1179,Home Renovation Loan,4472092525440.0,2023-09-21,,6,23000,20307.51,12.48
466,75,457,Home Renovation Loan,180088670178612.0,2022-07-29,,6,50000,16541.95,11.1
793,460,2971,Home Renovation Loan,3575487976862084.0,2023-10-05,,6,21000,19568.44,9.59
507,656,4235,Home Renovation Loan,6011827854860491.0,2022-10-08,,6,92000,33759.35,11.26
498,279,1791,Home Renovation Loan,4434082240604.0,2022-09-21,,6,63000,60207.86,15.23
33,1281,8217,Home Renovation Loan,3519468979254858.0,2023-08-11,,6,95000,6724.59,13.43
456,476,3079,Home Renovation Loan,6566587467133285.0,2022-07-06,,6,26000,14257.37,12.76
380,325,2102,Home Renovation Loan,4754080454822398.0,2022-01-12,,6,13000,3179.36,13.51
3,1251,3763,Home Renovation Loan,2298131323588061.0,2022-08-07,,6,61000,4756.05,15.84
295,379,2431,Home Renovation Loan,30257740711940.0,2021-01-12,,12,38000,149.12,13.97
535,51,321,Home Renovation Loan,36989382400689.0,2022-11-21,,12,5000,4984.36,8.23
9,1257,4715,Home Renovation Loan,3566167808136193.0,2022-01-02,,12,5000,2430.33,12.96
27,1275,7959,Home Renovation Loan,4.1051788773105132e+18,2023-08-10,,12,30000,25910.98,14.48
588,655,4231,Home Renovation Loan,213197198412246.0,2023-02-13,,12,24000,4155.68,8.98
8,1256,3794,Home Renovation Loan,3541422265161642.0,2023-01-01,,12,93000,39431.28,7.86
32,1280,2888,Home Renovation Loan,2294608889287075.0,2023-09-26,,12,66000,53815.6,9.98
34,1282,900,Home Renovation Loan,6590540951496171.0,2022-12-06,,12,50000,22832.08,12.78
0,1248,6567,Home Renovation Loan,213191293929907.0,2023-01-06,,12,11000,2175.66,10.34
886,753,4974,Home Renovation Loan,3567646666422208.0,2023-12-25,,12,69000,27565.68,9.04
4,1252,221,Home Renovation Loan,6011083624816252.0,2023-01-17,,12,25000,14985.6,13.44
319,313,1980,Home Renovation Loan,3564221950570345.0,2021-06-17,,12,9000,7159.77,11.04
16,1264,826,Home Renovation Loan,341930728183126.0,2023-05-03,,18,76000,73650.91,10.59
75,158,928,Home Renovation Loan,30055349447373.0,2023-10-25,,18,41000,19847.47,12.76
877,196,1197,Home Renovation Loan,341865142205248.0,2023-12-22,,18,61000,55757.66,10.55
46,331,2125,Home Renovation Loan,4166345774439.0,2023-05-01,,18,7000,4822.57,6.18
712,613,3913,Home Renovation Loan,3517070549248659.0,2023-07-23,,18,87000,85574.4,8.88
332,227,1380,Home Renovation Loan,6573274070921478.0,2021-08-10,,18,18000,10272.52,6.64
874,452,2910,Home Renovation Loan,4.9069774553072589e+18,2023-12-19,,18,63000,15625.41,10.6
889,322,2063,Home Renovation Loan,60424083206.0,2023-12-28,,18,61000,47176.76,15.71
14,1262,9787,Home Renovation Loan,4845834906764439.0,2022-08-17,,18,29000,5094.43,11.96
844,177,1056,Home Renovation Loan,4494719438790479.0,2023-11-19,,18,6000,4731.39,11.57
774,361,2312,Home Renovation Loan,571835058595.0,2023-09-23,,18,15000,3585.11,14.38
27,153,886,Home Renovation Loan,4.5210622607838853e+18,2022-10-19,,18,60000,4786.68,11.33
622,370,2374,Consumer Durables Loan,3581262416614441.0,2023-04-03,,3,34000,3741.48,12.53
593,283,1800,Consumer Durables Loan,6572790359703734.0,2023-02-25,,3,33000,9115.16,7.36
810,749,4929,Consumer Durables Loan,2290240508491674.0,2023-10-19,,3,34000,5065.53,8.94
865,605,3874,Consumer Durables Loan,213114880706140.0,2023-12-11,,3,38000,21437.88,10.29
549,569,3616,Consumer Durables Loan,4.6893095520377242e+18,2022-12-12,,3,58000,19989.79,6.52
841,205,1242,Consumer Durables Loan,4058352268861083.0,2023-11-16,,3,33000,396.34,13.9
743,128,716,Consumer Durables Loan,30372531493481.0,2023-08-19,,3,22000,17358.07,14.76
389,582,3733,Consumer Durables Loan,3596656579821318.0,2022-01-22,,3,66000,10442.6,12.52
781,291,1836,Consumer Durables Loan,3586679160682131.0,2023-09-29,,3,26000,6894.85,11.33
470,688,4472,Consumer Durables Loan,213176118069831.0,2022-08-01,,3,23000,1239.61,6.13
503,234,1424,Consumer Durables Loan,562296297384.0,2022-09-29,,3,29000,7647.69,8.73
55,1303,3348,Consumer Durables Loan,3535589880312699.0,2023-08-05,,3,18000,4865.32,6.3
601,225,1359,Consumer Durables Loan,3516950496606499.0,2023-03-03,,3,16000,11201.92,7.65
891,635,4083,Consumer Durables Loan,372359519434088.0,2023-12-29,,3,71000,20790.16,6.25
288,92,508,Consumer Durables Loan,4927481421802624.0,2020-11-20,,3,69000,30625.47,9.42
303,989,9119,Consumer Durables Loan,5284385482046563.0,2021-02-21,,3,16000,4145.17,15.11
12,678,4405,Consumer Durables Loan,4.1263877647305743e+18,2022-01-20,,3,45000,4193.94,12.74
822,138,791,Consumer Durables Loan,3.54921e+15,2023-11-02,,3,44000,13457.98,13.07
682,365,2332,Consumer Durables Loan,38355261967982.0,2023-06-23,,3,20000,17513.5,15.49
74,1451,9452,Consumer Durables Loan,3527347229918787.0,2020-08-23,2022-03-03,3,25000,1779.35,10.47
548,507,3245,Consumer Durables Loan,4425243599793184.0,2022-12-11,,3,57000,11503.47,10.53
598,419,2626,Consumer Durables Loan,4001468846578482.0,2023-02-28,,3,48000,35212.07,6.22
578,274,1759,Consumer Durables Loan,36821850255305.0,2023-01-21,,3,15000,12345.79,11.83
855,4,42,Consumer Durables Loan,3584061882278815.0,2023-11-26,,3,63000,44453.26,7.01
563,154,887,Consumer Durables Loan,676370010263.0,2022-12-28,,3,34000,15898.64,9.34
747,395,2502,Consumer Durables Loan,4131363998994657.0,2023-08-24,,3,58000,53568.69,6.61
290,695,4507,Consumer Durables Loan,4404349133736.0,2020-12-15,,3,69000,25327.64,9.74
442,133,742,Consumer Durables Loan,6.01185e+15,2022-06-16,,3,79000,76128.28,13.75
434,90,503,Consumer Durables Loan,4012676468344887.0,2022-06-04,,3,48000,15037.43,15.89
532,579,3699,Consumer Durables Loan,4955330231543123.0,2022-11-18,,3,77000,71663.44,9.32
449,675,4376,Consumer Durables Loan,4136870187999532.0,2022-06-23,,3,58000,1768.99,7.7
758,551,3517,Consumer Durables Loan,675908929572.0,2023-09-03,,3,19000,12520.66,10.56
36,1413,1930,Consumer Durables Loan,30088429623381.0,2023-04-09,2023-11-26,3,40000,34116.79,9.47
494,703,4546,Consumer Durables Loan,6.58055e+15,2022-09-17,,3,33000,13703.18,14.32
39,1416,2489,Consumer Durables Loan,675903334976.0,2022-12-30,2023-11-28,3,79000,67878.17,14.44
509,124,688,Consumer Durables Loan,4474694312102.0,2022-10-10,,3,81000,68404.9,8.72
645,465,2995,Consumer Durables Loan,4.65437e+15,2023-05-15,,3,90000,70581.01,6.24
299,814,5911,Consumer Durables Loan,4570045681119.0,2021-02-15,,3,8000,6701.0,13.82
471,936,8030,Consumer Durables Loan,370067416241280.0,2022-08-02,,3,26000,13317.41,15.5
68,1445,1779,Consumer Durables Loan,3592190670338281.0,2021-03-31,2021-10-27,3,63000,57602.54,13.39
729,550,3515,Consumer Durables Loan,371495998174588.0,2023-08-08,,3,12000,1903.99,9.46
43,1420,3134,Consumer Durables Loan,4716364138602955.0,2022-11-29,2023-12-13,3,11000,2461.7,8.38
82,1459,2481,Consumer Durables Loan,340168560405973.0,2021-06-08,2022-07-11,3,48000,22821.38,14.77
708,727,4723,Consumer Durables Loan,4209276051177.0,2023-07-19,,3,72000,17647.14,6.03
48,1425,11771,Consumer Durables Loan,4.6361119256325816e+18,2023-04-08,2023-12-28,3,5000,946.88,11.95
27,1404,7683,Consumer Durables Loan,2.7209e+15,2022-02-25,2023-09-17,3,20000,13308.16,14.25
527,762,5132,Consumer Durables Loan,586086859574.0,2022-11-10,,3,17000,11770.0,11.62
661,823,6178,Consumer Durables Loan,4.377227113576554e+18,2023-06-05,,3,50000,12759.07,14.66
820,449,2865,Consumer Durables Loan,346310135845143.0,2023-10-28,,3,44000,31573.9,14.75
57,1305,3257,Consumer Durables Loan,3549697540758856.0,2023-11-27,,3,67000,58843.75,12.69
40,1288,2650,Consumer Durables Loan,4750060656051834.0,2021-03-21,,3,57000,49890.28,8.49
236,70,439,Consumer Durables Loan,6519292105647493.0,2019-02-08,,3,51000,17626.62,10.46
872,691,4492,Consumer Durables Loan,3597637748178722.0,2023-12-16,,3,24000,3708.64,14.55
734,684,4457,Consumer Durables Loan,6011382164956944.0,2023-08-11,,3,38000,35556.75,13.32
72,1449,3830,Consumer Durables Loan,4127091961125.0,2021-02-20,2022-01-02,3,83000,82482.78,12.18
313,183,1080,Consumer Durables Loan,2720700079060356.0,2021-05-08,,3,18000,5223.54,10.9
602,643,4157,Consumer Durables Loan,3530215124405231.0,2023-03-04,,3,80000,75205.53,15.24
420,1173,12442,Consumer Durables Loan,6525936382259537.0,2022-05-08,,3,1000,657.69,11.21
350,776,5263,Consumer Durables Loan,3584517520141921.0,2021-10-19,,3,37000,27991.83,9.07
508,436,2759,Consumer Durables Loan,3584112131633423.0,2022-10-09,,3,62000,51356.7,15.54
56,1433,2984,Consumer Durables Loan,3572092763916649.0,2018-12-29,2020-06-06,3,73000,31076.98,8.9
561,774,5249,Consumer Durables Loan,180084079070005.0,2022-12-25,,3,20000,7945.63,12.74
357,87,493,Consumer Durables Loan,213107583363441.0,2021-11-02,,3,33000,18171.57,8.6
289,1225,13268,Consumer Durables Loan,60445661675.0,2020-11-22,,3,65000,39215.92,10.2
736,581,3721,Consumer Durables Loan,639026597232.0,2023-08-13,,3,5000,1471.19,6.33
852,1175,12494,Consumer Durables Loan,4045349842335572.0,2023-11-24,,3,43000,41032.84,15.88
613,1189,12683,Consumer Durables Loan,30427216783166.0,2023-03-17,,3,24000,19956.13,13.63
463,694,4504,Consumer Durables Loan,4039288141184273.0,2022-07-24,,3,70000,21306.65,9.41
260,503,3225,Consumer Durables Loan,5.31479e+15,2020-03-08,,3,9000,3651.88,10.05
788,1193,12743,Consumer Durables Loan,4336583963073657.0,2023-10-01,,3,70000,18698.62,7.59
546,45,272,Consumer Durables Loan,6.50317e+15,2022-12-05,,3,77000,39573.06,9.17
246,563,3589,Consumer Durables Loan,4397799189119.0,2019-10-21,,3,30000,21478.49,10.03
12,1389,7127,Consumer Durables Loan,4722185542805.0,2021-09-08,2023-01-26,3,24000,11887.06,6.33
326,320,2045,Consumer Durables Loan,630491139733.0,2021-07-11,,3,16000,4343.9,8.18
636,918,7796,Consumer Durables Loan,3516852437379899.0,2023-04-27,,3,71000,8046.35,11.48
516,9,76,Consumer Durables Loan,4894937407069891.0,2022-10-25,,3,76000,37854.48,11.39
307,372,2395,Consumer Durables Loan,4963435665941485.0,2021-03-31,,3,57000,16232.35,7.91
862,692,4493,Consumer Durables Loan,30355836907750.0,2023-12-08,,3,28000,17130.29,7.85
558,608,3890,Consumer Durables Loan,213163192189107.0,2022-12-17,,3,16000,15993.29,15.76
599,248,1512,Consumer Durables Loan,5478411607669661.0,2023-03-01,,3,23000,14057.67,6.94
770,630,4019,Consumer Durables Loan,4852645547064793.0,2023-09-18,,3,22000,21766.05,13.92
271,719,4663,Consumer Durables Loan,3583418987579243.0,2020-06-24,,3,41000,15995.82,7.76
814,542,3439,Consumer Durables Loan,4646614202460978.0,2023-10-22,,3,98000,45943.71,15.0
240,188,1146,Consumer Durables Loan,180016123241265.0,2019-06-19,,3,43000,6775.53,13.23
41,1418,1579,Consumer Durables Loan,38389966665948.0,2023-07-27,2023-12-28,3,66000,24886.1,12.95
371,642,4137,Consumer Durables Loan,4500850316372155.0,2021-12-13,,3,94000,85174.04,15.63
851,392,2496,Consumer Durables Loan,2246673736470422.0,2023-11-22,,3,66000,11751.58,9.87
305,150,859,Consumer Durables Loan,2296666564356001.0,2021-03-30,,3,96000,79619.98,7.16
437,211,1271,Consumer Durables Loan,3565730570172935.0,2022-06-10,,3,53000,30806.12,8.28
372,243,1478,Consumer Durables Loan,3597641703217293.0,2021-12-13,,3,11000,10785.97,15.97
586,249,1517,Consumer Durables Loan,4371904112621.0,2023-02-06,,3,44000,9772.88,8.11
252,1039,9837,Consumer Durables Loan,213134224193557.0,2020-01-07,,3,14000,9871.69,11.65
36,518,3292,Consumer Durables Loan,3575259860385294.0,2023-02-10,,3,94000,73201.7,7.61
868,549,3504,Consumer Durables Loan,3501107487792567.0,2023-12-12,,3,23000,11121.85,15.52
846,1001,9247,Consumer Durables Loan,4.8301461278316308e+18,2023-11-20,,3,36000,7152.75,7.06
501,190,1165,Consumer Durables Loan,4996480919658627.0,2022-09-23,,3,33000,6671.66,10.71
821,351,2232,Consumer Durables Loan,30461159234879.0,2023-11-01,,3,100000,39112.17,8.35
292,85,489,Consumer Durables Loan,4583538162539.0,2020-12-31,,3,74000,3098.8,11.03
475,718,4660,Consumer Durables Loan,2240041977085513.0,2022-08-12,,3,49000,2826.2,10.12
308,499,3187,Consumer Durables Loan,3566704371402832.0,2021-04-03,,3,49000,37020.3,13.35
263,223,1353,Consumer Durables Loan,4768022119602405.0,2020-04-18,,3,76000,69055.61,14.43
427,399,2527,Consumer Durables Loan,4407294715964458.0,2022-05-22,,3,41000,8748.57,12.14
787,676,4380,Consumer Durables Loan,3596539764386372.0,2023-09-30,,3,16000,4747.81,11.58
41,1289,1168,Consumer Durables Loan,373221600955703.0,2023-04-25,,3,7000,3513.71,15.99
9,1386,1067,Consumer Durables Loan,6011576713651183.0,2021-11-16,2022-11-26,3,19000,13835.71,12.74
728,32,219,Consumer Durables Loan,180086202921558.0,2023-08-06,,3,41000,27328.2,8.25
476,491,3151,Consumer Durables Loan,3555208681824746.0,2022-08-21,,3,84000,82536.56,15.11
70,1447,4832,Consumer Durables Loan,3560540890084545.0,2021-01-19,2021-11-03,3,38000,25254.51,7.8
73,1450,3477,Consumer Durables Loan,4400967660781442.0,2020-09-20,2022-02-03,3,5000,2749.0,11.99
373,609,3893,Consumer Durables Loan,502063884022.0,2021-12-29,,3,31000,7512.54,15.96
762,352,2235,Consumer Durables Loan,560052847905.0,2023-09-11,,3,43000,23844.87,9.74
685,831,6275,Consumer Durables Loan,4.3367500264670771e+18,2023-06-29,,3,52000,26078.51,15.79
38,1415,3448,Consumer Durables Loan,30034460984886.0,2023-03-30,2023-12-11,3,76000,50214.69,8.59
541,493,3167,Consumer Durables Loan,4164163464971332.0,2022-11-30,,3,22000,5254.12,10.36
803,682,4429,Consumer Durables Loan,4269718258687842.0,2023-10-11,,3,74000,21349.0,11.49
254,468,3023,Consumer Durables Loan,4.65479e+15,2020-01-30,,3,39000,23901.31,8.92
377,175,1040,Consumer Durables Loan,180049478234171.0,2022-01-03,,3,27000,26922.9,7.88
493,537,3405,Consumer Durables Loan,4334743828336.0,2022-09-15,,3,47000,43278.66,13.19
401,266,1690,Consumer Durables Loan,2255121816409934.0,2022-03-04,,3,72000,64374.87,6.3
47,1424,4553,Consumer Durables Loan,6525246808590642.0,2022-02-22,2023-12-26,3,20000,7358.87,15.33
760,134,769,Consumer Durables Loan,6011660319807405.0,2023-09-07,,3,27611,21000.0,8.98
316,764,5159,Consumer Durables Loan,4.6020506040399841e+18,2021-05-29,,3,14000,12228.31,11.75
51,1299,2425,Consumer Durables Loan,5367242290136526.0,2023-03-05,,3,40000,11714.86,15.64
385,105,590,Consumer Durables Loan,30151569438406.0,2022-01-17,,3,26000,6407.09,6.71
83,341,2156,Consumer Durables Loan,378380764620985.0,2023-12-06,,3,85000,69992.21,6.68
348,220,1333,Consumer Durables Loan,3563138559521977.0,2021-10-13,,3,87000,60912.22,14.71
658,649,4190,Consumer Durables Loan,676213440396.0,2023-05-29,,3,23000,11429.26,11.06
612,244,1480,Consumer Durables Loan,4368948307590842.0,2023-03-16,,3,95000,47729.66,11.59
440,801,5684,Consumer Durables Loan,2289431673280009.0,2022-06-15,,3,79000,50379.24,10.43
730,1003,9274,Consumer Durables Loan,676387770487.0,2023-08-09,,3,11000,4818.19,12.15
577,760,5126,Consumer Durables Loan,213140633604894.0,2023-01-19,,3,9000,1744.53,13.15
270,559,3573,Consumer Durables Loan,3518920873091241.0,2020-06-17,,3,87000,36125.47,15.99
614,34,225,Consumer Durables Loan,30309168929221.0,2023-03-20,,3,76000,56162.67,9.12
344,854,6753,Consumer Durables Loan,180078554083269.0,2021-10-07,,3,89000,26099.72,14.15
651,126,707,Consumer Durables Loan,342596823084060.0,2023-05-23,,3,92000,23930.47,11.85
522,94,513,Consumer Durables Loan,3542738515806325.0,2022-11-06,,3,30000,19678.05,10.57
742,519,3297,Consumer Durables Loan,4292975956839.0,2023-08-16,,3,41000,22016.09,6.81
630,498,3186,Consumer Durables Loan,2.6999e+15,2023-04-18,,3,11000,3624.54,11.14
399,189,1157,Consumer Durables Loan,376307155479434.0,2022-02-19,,3,12000,2220.66,9.3
496,896,7567,Consumer Durables Loan,6011963483881648.0,2022-09-18,,3,70000,44705.21,10.06
44,1421,1388,Consumer Durables Loan,3500211528404058.0,2023-05-18,2023-11-14,3,77000,23384.34,12.72
633,1102,11183,Consumer Durables Loan,30261402898979.0,2023-04-25,,3,42000,1220.01,8.72
465,1059,10235,Consumer Durables Loan,4792553248665.0,2022-07-29,,3,53000,27636.41,9.06
329,736,4789,Consumer Durables Loan,3575703524270053.0,2021-08-03,,3,49000,27161.63,13.98
50,1427,2388,Consumer Durables Loan,30554927956987.0,2023-02-24,2023-12-25,3,35000,16171.13,15.14
433,110,608,Consumer Durables Loan,5326113806185283.0,2022-05-31,,3,6000,2226.31,12.14
76,1453,1890,Consumer Durables Loan,4.5996334319640453e+18,2020-09-18,2022-01-30,3,60000,41143.5,11.21
627,170,1020,Consumer Durables Loan,30419287604694.0,2023-04-16,,3,82000,5819.52,9.07
439,297,1883,Consumer Durables Loan,2299078989459443.0,2022-06-15,,3,67000,1248.54,13.43
823,524,3333,Consumer Durables Loan,3529538435501882.0,2023-11-02,,3,90000,6651.44,9.71
54,1431,2363,Consumer Durables Loan,377219129927647.0,2018-12-21,2020-04-11,3,40000,30613.26,15.03
359,441,2785,Consumer Durables Loan,4.49007e+15,2021-11-05,,3,7000,6185.79,7.41
311,157,907,Consumer Durables Loan,4568328494309.0,2021-04-24,,3,77000,48679.55,10.34
432,50,309,Consumer Durables Loan,4622553697455226.0,2022-05-28,,3,33000,11283.99,11.34
317,1134,11742,Consumer Durables Loan,4522807457908126.0,2021-05-31,,3,88000,60819.75,12.55
768,880,7186,Consumer Durables Loan,340166166440550.0,2023-09-17,,3,90000,28029.36,12.05
528,254,1578,Consumer Durables Loan,3525287629986871.0,2022-11-11,,3,86000,79718.09,6.15
861,219,1329,Consumer Durables Loan,3529501563996118.0,2023-12-04,,3,75000,70359.57,6.39
629,755,5002,Consumer Durables Loan,563616791452.0,2023-04-16,,3,39000,1693.43,11.29
779,414,2606,Consumer Durables Loan,213170967034202.0,2023-09-26,,3,41000,15847.19,15.51
681,16,116,Consumer Durables Loan,213108809100054.0,2023-06-23,,3,34000,12062.32,12.29
650,717,4654,Consumer Durables Loan,6505675713990824.0,2023-05-19,,3,96000,24758.77,13.1
323,265,1680,Consumer Durables Loan,3501348869396649.0,2021-06-28,,3,90000,3875.03,12.51
643,412,2585,Consumer Durables Loan,3501226961548566.0,2023-05-09,,3,67000,18748.7,9.81
831,1165,12291,Consumer Durables Loan,30335813909060.0,2023-11-08,,3,28000,25321.0,10.35
59,1436,4211,Consumer Durables Loan,4.188570062059818e+18,2019-09-14,2020-09-07,3,66000,23584.72,13.82
687,142,810,Consumer Durables Loan,3526436733209386.0,2023-07-01,,3,20000,18682.63,6.89
749,96,528,Consumer Durables Loan,30222221620192.0,2023-08-26,,3,10000,4658.34,13.38
52,1429,694,Consumer Durables Loan,6544251281165075.0,2022-08-19,2023-12-28,3,6000,2965.53,10.89
753,405,2542,Consumer Durables Loan,4672497113778036.0,2023-08-31,,3,39000,4914.79,10.83
430,349,2214,Consumer Durables Loan,6011218427888682.0,2022-05-26,,3,67000,8988.74,8.37
879,829,6255,Consumer Durables Loan,4.67631e+15,2023-12-22,,3,44000,37380.25,15.57
405,841,6468,Consumer Durables Loan,180033669794128.0,2022-03-06,,3,68000,64269.02,13.51
448,280,1793,Consumer Durables Loan,4.3984350481413023e+18,2022-06-22,,3,29000,4491.32,6.32
53,1301,13231,Consumer Durables Loan,30099306819943.0,2021-05-20,,3,48000,24192.78,13.03
833,820,6039,Consumer Durables Loan,3.59828e+15,2023-11-10,,3,44000,25966.38,8.94
642,284,1807,Consumer Durables Loan,4117473628051006.0,2023-05-07,,3,45000,12074.48,6.37
691,260,1616,Consumer Durables Loan,213164995238299.0,2023-07-05,,3,88000,57518.47,10.27
790,744,4863,Consumer Durables Loan,3548202767630812.0,2023-10-02,,3,71000,51414.63,6.17
679,332,2126,Consumer Durables Loan,4652404924819888.0,2023-06-19,,3,86000,74828.36,9.42
883,728,4725,Consumer Durables Loan,4338803896834696.0,2023-12-24,,3,61000,22417.71,13.64
639,448,2864,Consumer Durables Loan,3553212324430335.0,2023-04-29,,3,39000,22174.24,6.07
2,1379,2688,Consumer Durables Loan,4217921760811.0,2019-12-23,2021-04-16,3,26000,12614.26,11.02
408,400,2529,Consumer Durables Loan,180088098369355.0,2022-04-06,,3,7000,3703.62,13.61
78,1455,4638,Consumer Durables Loan,676271369081.0,2021-06-13,2022-05-10,3,2000,1779.62,7.45
869,172,1030,Consumer Durables Loan,4903502669222718.0,2023-12-14,,3,12000,11340.39,8.25
726,78,468,Consumer Durables Loan,180092996656368.0,2023-08-04,,3,8000,1000.64,9.36
336,470,3036,Consumer Durables Loan,676239483644.0,2021-09-02,,3,28000,17191.35,12.1
264,159,946,Consumer Durables Loan,630485684199.0,2020-05-01,,3,12000,11087.92,11.15
33,1410,2977,Consumer Durables Loan,4.94194e+15,2023-04-28,2023-11-30,3,86000,49750.38,9.04
250,658,4251,Consumer Durables Loan,3.52971e+15,2019-12-25,,3,42000,15549.56,9.2
83,1460,1378,Consumer Durables Loan,2232963411040293.0,2020-09-23,2022-09-11,3,93000,71757.16,10.37
766,203,1231,Consumer Durables Loan,6539360423952022.0,2023-09-16,,3,78000,23535.62,6.07
241,13,87,Consumer Durables Loan,587222970135.0,2019-06-29,,3,8000,7205.74,6.52
276,501,3197,Consumer Durables Loan,630472775398.0,2020-07-09,,3,54000,35662.73,11.2
713,623,3984,Consumer Durables Loan,4.1246705525946778e+18,2023-07-25,,3,90000,65854.05,8.65
856,164,992,Consumer Durables Loan,4.378070197653588e+18,2023-11-29,,3,89000,14066.7,8.95
0,1377,1629,Consumer Durables Loan,4409296552640545.0,2019-05-20,2021-02-15,3,96000,50657.58,15.68
815,750,4937,Consumer Durables Loan,2368004628794905.0,2023-10-24,,3,10000,1367.25,13.74
666,558,3568,Consumer Durables Loan,341907968286918.0,2023-06-07,,3,29000,25966.59,14.4
718,780,5333,Consumer Durables Loan,4.3045235742988268e+18,2023-07-29,,3,1000,79.59,8.07
544,942,8295,Consumer Durables Loan,4891427991628503.0,2022-12-02,,3,18000,13950.45,15.58
421,426,2686,Consumer Durables Loan,564945534340.0,2022-05-09,,3,7000,6240.49,7.44
458,588,3765,Consumer Durables Loan,341853034307926.0,2022-07-08,,3,42000,24793.84,11.38
635,421,2644,Consumer Durables Loan,378560352072620.0,2023-04-27,,3,51000,37596.13,15.98
881,573,3638,Consumer Durables Loan,6563063270205416.0,2023-12-23,,3,82000,43300.74,7.54
543,590,3769,Consumer Durables Loan,3563015897475514.0,2022-12-02,,3,56000,17142.25,13.03
634,109,605,Consumer Durables Loan,3503613647789185.0,2023-04-26,,3,92000,83196.07,9.54
620,619,3958,Consumer Durables Loan,4484329700091747.0,2023-04-01,,3,82000,42699.73,8.67
38,1286,83,Consumer Durables Loan,676233719647.0,2022-11-12,,3,12001,6519.0,8.74
42,1290,4265,Consumer Durables Loan,3595970639481851.0,2023-02-23,,3,35000,15038.3,11.39
25,1402,1133,Consumer Durables Loan,4834831140171.0,2022-01-27,2023-07-27,3,22000,7083.23,15.09
425,275,1762,Consumer Durables Loan,2495248630931213.0,2022-05-20,,3,45000,11908.08,13.28
24,1401,326,Consumer Durables Loan,373848381528208.0,2022-09-20,2023-06-21,3,39000,28920.17,13.61
847,257,1589,Consumer Durables Loan,676280461515.0,2023-11-20,,3,43000,30020.71,11.08
559,281,1795,Consumer Durables Loan,6514985489353803.0,2022-12-22,,3,4000,2541.72,7.09
488,185,1098,Consumer Durables Loan,347984008461540.0,2022-09-07,,3,75000,49885.37,15.49
8,1385,3465,Consumer Durables Loan,180088898505398.0,2021-07-20,2022-12-07,3,39000,32056.47,6.82
704,435,2740,Consumer Durables Loan,4508594970537339.0,2023-07-15,,3,28000,16284.34,10.02
338,514,3267,Consumer Durables Loan,4370694807523315.0,2021-09-10,,3,74000,57741.15,10.3
619,417,2619,Consumer Durables Loan,5248981109746695.0,2023-03-30,,3,42000,14024.71,13.61
757,402,2536,Consumer Durables Loan,377984606380483.0,2023-09-03,,3,14000,7561.59,10.4
404,679,4416,Consumer Durables Loan,345705880659774.0,2022-03-06,,3,30000,14593.68,14.37
66,1443,2555,Consumer Durables Loan,3517034090748517.0,2021-03-31,2021-09-25,3,41000,9291.45,8.56
763,26,161,Consumer Durables Loan,4583164669732.0,2023-09-14,,3,98000,75270.48,15.75
464,512,3259,Consumer Durables Loan,6011879695547589.0,2022-07-24,,3,59000,35108.4,12.06
450,108,597,Consumer Durables Loan,5532578045672913.0,2022-06-25,,3,21000,6717.81,9.81
457,781,5366,Consumer Durables Loan,4.0474712021805819e+18,2022-07-07,,3,7000,6342.15,14.09
797,245,1483,Consumer Durables Loan,341235777247883.0,2023-10-08,,3,47000,15281.52,12.62
351,516,3279,Consumer Durables Loan,30204025476435.0,2021-10-25,,3,33000,23988.11,14.6
741,951,8392,Consumer Durables Loan,2278773843989347.0,2023-08-16,,3,4000,2632.91,7.29
842,773,5245,Consumer Durables Loan,30549750646945.0,2023-11-18,,3,31000,4040.74,7.35
701,687,4471,Consumer Durables Loan,3537188295246838.0,2023-07-14,,3,25000,16858.7,13.61
591,360,2308,Consumer Durables Loan,562147715865.0,2023-02-24,,3,94000,742.32,15.8
530,648,4188,Consumer Durables Loan,4.8911860321667164e+18,2022-11-18,,3,54000,1642.48,12.11
502,1203,12893,Consumer Durables Loan,3590424718390778.0,2022-09-26,,3,26000,20462.8,12.74
379,22,138,Consumer Durables Loan,2256914299166388.0,2022-01-11,,3,67000,16654.15,13.09
80,1457,1213,Consumer Durables Loan,2239900219627171.0,2020-09-16,2022-04-12,3,36000,25377.6,9.18
481,43,267,Consumer Durables Loan,4414082294422985.0,2022-08-29,,3,99000,25278.45,13.39
14,1391,79,Consumer Durables Loan,4274634179742603.0,2022-08-12,2023-01-02,3,98000,24751.66,11.42
417,616,3943,Consumer Durables Loan,379876894188156.0,2022-05-05,,3,44000,2941.59,10.81
255,766,5200,Consumer Durables Loan,639024051133.0,2020-02-11,,3,73000,20143.44,8.57
37,1285,4674,Consumer Durables Loan,4025447460167378.0,2023-06-15,,3,90000,18006.18,6.52
235,747,4915,Consumer Durables Loan,3512930879505454.0,2019-02-05,,3,94000,59859.18,15.22
65,1442,13382,Consumer Durables Loan,6011587856893102.0,2020-04-17,2021-08-15,3,82000,21831.16,6.44
660,446,2841,Consumer Durables Loan,30171677484506.0,2023-06-04,,3,40000,15829.41,10.55
829,424,2659,Consumer Durables Loan,4.0048748066562924e+18,2023-11-06,,3,11000,3622.45,14.0
431,256,1583,Consumer Durables Loan,5173680959269621.0,2022-05-26,,3,73000,34647.11,10.68
381,194,1182,Consumer Durables Loan,6.57931e+15,2022-01-13,,3,23000,2320.26,7.49
45,1293,4201,Consumer Durables Loan,3586926625724564.0,2022-01-20,,3,97000,83383.55,9.8
585,65,414,Consumer Durables Loan,573644328292.0,2023-02-02,,3,88000,71226.72,14.31
789,416,2616,Consumer Durables Loan,371104980904552.0,2023-10-01,,3,35000,9962.0,12.37
640,734,4765,Consumer Durables Loan,4.1436065073072973e+18,2023-05-01,,3,42000,41180.99,9.45
315,127,714,Consumer Durables Loan,4.96099e+15,2021-05-23,,3,64000,17624.03,7.69
668,317,2015,Consumer Durables Loan,3511086597366959.0,2023-06-10,,3,57000,11687.88,10.94
515,552,3519,Consumer Durables Loan,3530650693456597.0,2022-10-25,,3,31000,29234.48,8.73
322,84,487,Consumer Durables Loan,4319460617350.0,2021-06-26,,3,29000,2474.53,7.23
750,367,2343,Consumer Durables Loan,344281386767728.0,2023-08-27,,3,55000,5269.83,10.37
388,681,4426,Consumer Durables Loan,2405195070929471.0,2022-01-22,,3,77000,34442.28,10.79
638,824,6196,Consumer Durables Loan,3565112850957717.0,2023-04-29,,3,14000,12631.38,13.25
453,1138,11825,Consumer Durables Loan,2298764168334256.0,2022-06-29,,3,98000,48596.32,10.31
435,471,3037,Consumer Durables Loan,180002914443591.0,2022-06-09,,3,38000,29711.69,14.22
727,683,4437,Consumer Durables Loan,4206271801010.0,2023-08-05,,3,86000,16859.78,6.26
62,1439,4627,Consumer Durables Loan,371821639871755.0,2020-03-26,2020-12-01,3,94000,34000.5,7.22
595,463,2982,Consumer Durables Loan,343357353752231.0,2023-02-26,,3,88000,47345.88,12.64
600,215,1296,Consumer Durables Loan,4.312351064374784e+18,2023-03-02,,3,79000,59005.03,9.33
531,373,2401,Consumer Durables Loan,676176827431.0,2022-11-18,,3,66000,31426.8,14.82
827,129,719,Consumer Durables Loan,370678091019138.0,2023-11-05,,3,13000,184.49,9.33
391,258,1607,Consumer Durables Loan,3564647121273627.0,2022-01-26,,3,70000,21111.6,13.36
419,82,474,Consumer Durables Loan,3553261892011639.0,2022-05-07,,3,71000,48102.38,13.28
486,259,1610,Consumer Durables Loan,4654321882218879.0,2022-09-05,,3,20000,5669.82,7.19
40,1417,9333,Consumer Durables Loan,4.51418e+15,2022-06-23,2023-11-05,3,85000,79987.01,7.8
461,625,3987,Consumer Durables Loan,3562134681908548.0,2022-07-17,,3,42000,14557.86,15.91
257,497,3184,Consumer Durables Loan,5380965134941387.0,2020-03-03,,3,41000,13757.27,14.52
287,1103,11189,Consumer Durables Loan,3509183945468423.0,2020-11-04,,3,48000,47.27,15.23
885,1081,10696,Consumer Durables Loan,4934877232024905.0,2023-12-25,,3,79000,9359.91,12.47
28,1405,3075,Consumer Durables Loan,180082201521705.0,2022-08-01,2023-09-21,3,79000,74938.47,13.14
368,408,2560,Consumer Durables Loan,4475419446273.0,2021-12-10,,3,31000,3872.78,7.37
737,47,280,Consumer Durables Loan,180033594331392.0,2023-08-13,,3,35000,25192.39,8.74
688,1192,12736,Consumer Durables Loan,180085716554772.0,2023-07-02,,3,31000,14145.09,13.68
583,68,434,Consumer Durables Loan,502037398943.0,2023-01-31,,3,94000,52391.68,15.09
50,1298,378,Consumer Durables Loan,180068789278156.0,2023-03-27,,3,6000,5024.15,9.03
267,467,3019,Consumer Durables Loan,2281189340018842.0,2020-06-05,,3,98000,19880.08,13.81
253,168,1018,Consumer Durables Loan,3557275191282036.0,2020-01-24,,3,51000,1904.68,8.03
1,1378,1876,Consumer Durables Loan,30549973835168.0,2019-05-22,2021-03-09,3,26000,20058.56,15.08
676,160,954,Consumer Durables Loan,4.8590006853721743e+18,2023-06-17,,3,95000,39839.68,7.05
362,374,2423,Consumer Durables Loan,3503520548975096.0,2021-11-08,,3,70000,52987.86,9.66
521,438,2768,Consumer Durables Loan,4565759321720708.0,2022-10-30,,3,45000,13133.43,8.99
455,120,662,Consumer Durables Loan,6569159576227056.0,2022-07-03,,3,8000,497.91,10.34
799,533,3384,Consumer Durables Loan,4.7373639352442624e+18,2023-10-09,,3,35000,16273.75,10.6
700,1002,9261,Consumer Durables Loan,4160457889697.0,2023-07-09,,3,56000,2895.85,12.02
764,141,808,Consumer Durables Loan,4964862080867905.0,2023-09-15,,3,40000,14278.18,14.19
302,423,2657,Consumer Durables Loan,4548229373868682.0,2021-02-19,,3,35000,17686.61,8.53
765,151,861,Consumer Durables Loan,588502859758.0,2023-09-16,,3,39000,20632.4,13.26
386,1036,9735,Consumer Durables Loan,342639205429295.0,2022-01-17,,3,98000,48939.72,10.74
400,324,2074,Consumer Durables Loan,4705541419818.0,2022-02-19,,3,11000,10300.64,15.25
785,554,3535,Consumer Durables Loan,30402236050839.0,2023-09-29,,3,97000,9214.89,10.17
282,167,1011,Consumer Durables Loan,2287949098676727.0,2020-09-15,,3,51000,48069.0,13.08
374,1111,11288,Consumer Durables Loan,374951784367320.0,2021-12-31,,3,56000,38512.03,8.84
262,418,2623,Consumer Durables Loan,2288586880305377.0,2020-04-14,,3,2000,298.24,14.04
863,131,725,Consumer Durables Loan,180016216691335.0,2023-12-08,,3,40000,27310.28,9.2
806,53,333,Consumer Durables Loan,3581347745409165.0,2023-10-13,,3,19000,3385.36,14.23
759,1154,12070,Consumer Durables Loan,60419706399.0,2023-09-05,,3,64000,46425.24,7.9
370,433,2724,Consumer Durables Loan,4548214860295813.0,2021-12-12,,6,50000,16563.75,10.77
746,834,6301,Consumer Durables Loan,3557811395050538.0,2023-08-21,,6,89000,83619.37,13.52
830,345,2175,Consumer Durables Loan,6.01134e+15,2023-11-07,,6,10000,8943.89,9.8
413,583,3735,Consumer Durables Loan,373841781361544.0,2022-04-24,,6,27000,24958.8,7.26
659,586,3756,Consumer Durables Loan,372280995829221.0,2023-05-31,,6,46000,32794.57,12.17
335,38,242,Consumer Durables Loan,6011247854400752.0,2021-08-31,,6,67000,15211.89,12.21
662,644,4165,Consumer Durables Loan,3543529843897709.0,2023-06-05,,6,65000,20086.5,9.26
871,479,3085,Consumer Durables Loan,3547898596562067.0,2023-12-16,,6,38000,3999.54,12.03
677,669,4341,Consumer Durables Loan,3584670741651788.0,2023-06-19,,6,77000,35163.88,9.16
754,480,3092,Consumer Durables Loan,502078229783.0,2023-09-01,,6,43000,32957.9,15.18
648,756,5012,Consumer Durables Loan,4626445149121348.0,2023-05-18,,6,71000,63375.13,11.4
277,705,4555,Consumer Durables Loan,3548122358740046.0,2020-07-12,,6,72000,4278.67,10.57
850,148,834,Consumer Durables Loan,4.7176593951263775e+18,2023-11-22,,6,48000,41567.87,8.22
32,1409,3414,Consumer Durables Loan,6518398874004773.0,2022-05-03,2023-10-03,6,64000,11892.94,9.86
843,487,3130,Consumer Durables Loan,30110916739668.0,2023-11-18,,6,20000,11858.35,14.75
555,723,4699,Consumer Durables Loan,6011567110363274.0,2022-12-15,,6,59000,39643.99,12.42
890,685,4467,Consumer Durables Loan,3585003434780707.0,2023-12-29,,6,100000,88202.85,7.8
695,440,2782,Consumer Durables Loan,5412590148498984.0,2023-07-07,,6,89000,49253.57,13.33
818,295,1864,Consumer Durables Loan,30577252202180.0,2023-10-26,,6,7000,3117.98,6.75
557,521,3310,Consumer Durables Loan,180021813487749.0,2022-12-17,,6,2000,1266.93,15.77
364,722,4684,Consumer Durables Loan,3553775372726952.0,2021-11-14,,6,83000,41751.52,11.84
5,1382,1842,Consumer Durables Loan,4.68281e+15,2020-04-10,2022-04-13,6,31000,12500.71,11.3
675,646,4167,Consumer Durables Loan,4473073555620.0,2023-06-17,,6,46000,1009.8,6.06
732,169,1019,Consumer Durables Loan,4327246223146439.0,2023-08-10,,6,89000,5699.64,15.06
52,1300,4651,Consumer Durables Loan,3595117017938686.0,2023-11-05,,6,9000,269.9,14.26
711,439,2779,Consumer Durables Loan,6011730411293752.0,2023-07-23,,6,28000,5239.51,8.86
882,240,1459,Consumer Durables Loan,502088424572.0,2023-12-23,,6,45000,15339.76,11.15
77,1454,5478,Consumer Durables Loan,36656049181560.0,2020-12-30,2022-03-15,6,30000,24593.89,10.26
838,570,3620,Consumer Durables Loan,4621968280697532.0,2023-11-14,,6,4000,260.25,15.81
4,1381,12635,Consumer Durables Loan,3531449700285605.0,2020-08-11,2021-10-30,6,9000,2082.76,13.32
60,1437,778,Consumer Durables Loan,36478719211548.0,2019-07-11,2020-10-14,6,83000,19593.13,9.26
468,115,638,Consumer Durables Loan,676120911307.0,2022-07-30,,6,60000,28269.75,7.33
511,428,2698,Consumer Durables Loan,3520238857889639.0,2022-10-13,,6,99000,183.58,14.6
454,311,1954,Consumer Durables Loan,4031511549215.0,2022-07-01,,6,90000,87837.96,16.0
697,485,3124,Consumer Durables Loan,6589315300035779.0,2023-07-08,,6,5000,1925.78,14.55
37,1414,1811,Consumer Durables Loan,4240942921420357.0,2023-03-30,2023-12-16,6,33000,18961.21,12.18
44,1292,731,Consumer Durables Loan,4294016826696349.0,2023-10-03,,6,91000,63338.1,7.5
663,111,615,Consumer Durables Loan,3517069134944698.0,2023-06-05,,6,95000,75971.41,7.26
39,1287,3787,Consumer Durables Loan,3584266452099109.0,2023-12-28,,6,24000,15856.73,15.43
73,743,4862,Consumer Durables Loan,4.8687915881849528e+18,2023-10-18,,6,7000,5369.11,8.76
382,668,4340,Consumer Durables Loan,2.27342e+15,2022-01-14,,6,28000,25976.76,12.67
296,106,592,Consumer Durables Loan,4116339314155.0,2021-01-14,,6,26000,881.1,11.41
615,535,3395,Consumer Durables Loan,5327394639080482.0,2023-03-22,,6,5000,548.53,10.63
678,101,566,Consumer Durables Loan,30125198361544.0,2023-06-19,,6,38000,13339.59,14.95
579,904,7672,Consumer Durables Loan,675908060337.0,2023-01-22,,6,77000,39666.54,13.62
575,803,5727,Consumer Durables Loan,213114997162492.0,2023-01-19,,6,51000,39815.66,11.87
721,209,1251,Consumer Durables Loan,376646825422278.0,2023-07-31,,6,67000,62010.69,13.74
556,81,473,Consumer Durables Loan,4637307237201365.0,2022-12-17,,6,53000,2326.82,6.74
43,775,5253,Consumer Durables Loan,3554096968389272.0,2023-04-11,,6,97000,47069.27,11.77
526,93,510,Consumer Durables Loan,4496959769619.0,2022-11-09,,6,43000,8824.0,15.09
696,301,1899,Consumer Durables Loan,4.665596070988585e+18,2023-07-07,,6,88000,39656.32,13.93
45,1422,1536,Consumer Durables Loan,639024042751.0,2022-09-16,2023-12-26,6,100000,15612.17,14.17
720,618,3947,Consumer Durables Loan,3500177589041982.0,2023-07-31,,6,16000,8274.32,7.79
459,139,797,Consumer Durables Loan,6571938056137299.0,2022-07-14,,6,22000,20020.59,10.83
551,1022,9606,Consumer Durables Loan,349724681192014.0,2022-12-13,,6,12000,2163.78,7.16
306,302,1900,Consumer Durables Loan,340351608794828.0,2021-03-31,,6,36000,6228.95,14.95
309,229,1384,Consumer Durables Loan,4797178735646591.0,2021-04-05,,6,47000,11118.34,7.2
525,947,8366,Consumer Durables Loan,676147537028.0,2022-11-08,,6,43000,42096.1,13.31
723,833,6299,Consumer Durables Loan,3595363379509141.0,2023-08-01,,6,90000,33251.15,7.22
321,731,4751,Consumer Durables Loan,213190740804721.0,2021-06-23,,6,44000,35127.6,7.2
836,102,575,Consumer Durables Loan,3577835946573769.0,2023-11-12,,6,1000,803.59,14.24
280,18,128,Consumer Durables Loan,4720467003972827.0,2020-08-25,,6,47000,45940.24,15.59
244,309,1946,Consumer Durables Loan,4.4960286103001549e+18,2019-09-19,,6,98000,77394.89,8.43
553,326,2104,Consumer Durables Loan,4349211454149464.0,2022-12-14,,6,3000,1720.16,13.94
63,1440,5233,Consumer Durables Loan,6553725852097385.0,2020-06-21,2021-04-10,6,31000,6420.19,12.39
761,526,3339,Consumer Durables Loan,344081655853567.0,2023-09-10,,6,2000,21.89,10.92
318,312,1971,Consumer Durables Loan,6521486892137058.0,2021-06-08,,6,99000,84369.94,6.35
327,1055,10171,Consumer Durables Loan,60490604299.0,2021-07-24,,6,91000,81924.32,11.83
447,241,1461,Consumer Durables Loan,3504351591103587.0,2022-06-20,,6,42000,4443.93,11.45
777,520,3308,Consumer Durables Loan,4236106302702.0,2023-09-25,,6,52000,22444.84,10.7
16,1393,2445,Consumer Durables Loan,3533147667948649.0,2021-10-07,2023-02-08,6,93000,80483.94,15.59
839,580,3713,Consumer Durables Loan,639013711960.0,2023-11-16,,6,85000,72674.81,11.26
725,508,3249,Consumer Durables Loan,213197391542625.0,2023-08-03,,6,50000,29391.94,7.21
53,453,2911,Consumer Durables Loan,3524116307129309.0,2023-07-12,,6,57000,38777.68,6.02
397,210,1253,Consumer Durables Loan,2483235609161231.0,2022-02-16,,6,68000,27281.01,7.09
572,689,4473,Consumer Durables Loan,4.5667583022803277e+18,2023-01-15,,6,42000,40958.67,13.56
670,863,6906,Consumer Durables Loan,3529720033348912.0,2023-06-12,,6,27000,10971.24,15.01
36,1284,5433,Consumer Durables Loan,4864511936895.0,2023-03-13,,6,45000,38630.46,6.37
69,1446,7422,Consumer Durables Loan,6011463603976733.0,2020-07-13,2021-11-17,6,53000,9118.27,10.82
824,604,3858,Consumer Durables Loan,3574795605612642.0,2023-11-04,,6,46000,12115.45,15.58
234,104,588,Consumer Durables Loan,3515348437739019.0,2019-01-19,,6,94000,43117.05,8.96
644,64,402,Consumer Durables Loan,6011609842960587.0,2023-05-10,,6,18000,11316.31,10.92
467,383,2469,Consumer Durables Loan,570555626151.0,2022-07-30,,6,69000,42889.35,7.82
571,368,2361,Consumer Durables Loan,377895125233872.0,2023-01-10,,6,47000,30112.75,8.08
683,701,4534,Consumer Durables Loan,30533865003606.0,2023-06-24,,6,46000,44948.02,15.51
819,584,3751,Consumer Durables Loan,6011439598515322.0,2023-10-28,,6,73000,19603.38,6.39
406,513,3260,Consumer Durables Loan,502084727648.0,2022-03-15,,6,84000,71334.73,9.6
800,288,1826,Consumer Durables Loan,30112505370830.0,2023-10-10,,6,78000,75401.93,11.2
756,79,469,Consumer Durables Loan,343898127868266.0,2023-09-02,,6,16000,15859.84,9.36
390,54,334,Consumer Durables Loan,379229315220952.0,2022-01-24,,6,63000,12765.56,14.01
55,1432,3115,Consumer Durables Loan,5224966038869005.0,2018-12-14,2020-02-20,6,5000,1629.87,14.92
875,735,4772,Consumer Durables Loan,4974809672431.0,2023-12-19,,6,77000,75723.19,12.44
497,343,2164,Consumer Durables Loan,373627600320849.0,2022-09-21,,6,49000,48051.41,9.98
780,36,236,Consumer Durables Loan,6011637636843263.0,2023-09-28,,6,72000,22235.05,12.26
394,195,1194,Consumer Durables Loan,4.87538e+15,2022-02-03,,6,44000,12069.66,8.28
376,1118,11393,Consumer Durables Loan,4315586634061717.0,2022-01-02,,6,4000,623.94,15.39
31,1408,3253,Consumer Durables Loan,2711003169635034.0,2021-12-26,2023-12-03,6,68000,4410.75,13.81
565,434,2739,Consumer Durables Loan,3561200954540515.0,2022-12-30,,6,5000,846.27,6.04
418,564,3590,Consumer Durables Loan,577163527861.0,2022-05-06,,6,60000,14037.65,8.02
489,1025,9625,Consumer Durables Loan,4072912439440.0,2022-09-08,,6,70000,26642.88,13.21
22,1399,1718,Consumer Durables Loan,4.1811448868485949e+18,2021-12-28,2023-07-25,6,13000,1490.67,10.83
837,455,2924,Consumer Durables Loan,3549815760229453.0,2023-11-13,,6,51000,8987.58,6.3
801,116,646,Consumer Durables Loan,213147212592259.0,2023-10-11,,6,81000,27878.31,12.48
304,364,2329,Consumer Durables Loan,3547983616749314.0,2021-02-28,,6,36000,19050.16,6.53
487,187,1140,Consumer Durables Loan,503888897322.0,2022-09-07,,6,82000,62032.77,13.94
21,1398,562,Consumer Durables Loan,4626101340892167.0,2022-08-25,2023-05-19,6,77000,4766.42,9.26
342,163,984,Consumer Durables Loan,4354892529479036.0,2021-09-18,,6,99000,2584.26,10.32
880,76,464,Consumer Durables Loan,370119904599123.0,2023-12-23,,6,1000,435.18,9.72
451,1196,12805,Consumer Durables Loan,4.4548887542465459e+18,2022-06-27,,6,80000,48314.56,15.6
529,611,3896,Consumer Durables Loan,213135412349034.0,2022-11-13,,6,42000,7572.13,6.37
265,662,4293,Consumer Durables Loan,5512878489546613.0,2020-05-09,,6,4000,3863.27,12.99
17,1394,1220,Consumer Durables Loan,4385050536698.0,2021-12-10,2023-04-12,6,13000,11475.05,8.81
794,35,231,Consumer Durables Loan,345439186564526.0,2023-10-07,,6,21000,17667.55,15.15
341,152,876,Consumer Durables Loan,4.3268015057564303e+18,2021-09-16,,6,7000,4295.6,9.37
649,218,1322,Consumer Durables Loan,30466243442354.0,2023-05-18,,6,12000,4777.62,7.43
574,897,7576,Consumer Durables Loan,3.52044e+15,2023-01-18,,6,60000,10077.24,10.95
300,1064,10328,Consumer Durables Loan,345196254899388.0,2021-02-17,,6,66000,59817.04,13.33
441,748,4923,Consumer Durables Loan,180020227374204.0,2022-06-16,,6,51000,3261.19,11.24
79,1456,6644,Consumer Durables Loan,630412964128.0,2021-01-12,2022-05-02,6,70000,1891.45,15.81
291,462,2978,Consumer Durables Loan,580352748355.0,2020-12-30,,6,86000,3325.93,11.02
876,654,4230,Consumer Durables Loan,4351737897917401.0,2023-12-21,,6,32000,5445.37,7.15
703,39,254,Consumer Durables Loan,5.46111e+15,2023-07-14,,6,29000,22296.86,11.38
776,923,7855,Consumer Durables Loan,376820615120059.0,2023-09-24,,6,12000,7142.05,9.63
573,557,3567,Consumer Durables Loan,2.29314e+15,2023-01-17,,6,21000,10333.94,14.77
655,161,963,Consumer Durables Loan,30555317490115.0,2023-05-25,,6,62000,52324.92,6.03
817,299,1886,Consumer Durables Loan,4314002543218506.0,2023-10-25,,6,13000,7890.42,6.83
286,118,652,Consumer Durables Loan,575503180300.0,2020-10-22,,6,94000,21958.99,13.69
791,23,146,Consumer Durables Loan,4524816233089.0,2023-10-03,,6,89000,14424.34,7.42
495,671,4345,Consumer Durables Loan,4959049873884845.0,2022-09-17,,6,33000,12704.13,15.47
773,758,5016,Consumer Durables Loan,213135928165825.0,2023-09-21,,6,88000,68965.82,12.7
517,650,4194,Consumer Durables Loan,30472710358800.0,2022-10-26,,6,91000,2145.81,14.48
705,411,2572,Consumer Durables Loan,180022341572556.0,2023-07-15,,6,58000,34985.38,10.86
460,553,3522,Consumer Durables Loan,4628732789003508.0,2022-07-14,,6,17000,10383.09,14.33
275,484,3116,Consumer Durables Loan,4.3143434744027786e+18,2020-07-04,,6,94000,35581.66,11.02
26,1403,2951,Consumer Durables Loan,6011410305067394.0,2022-06-07,2023-08-19,6,13000,5676.81,8.72
690,696,4516,Consumer Durables Loan,3560313326251066.0,2023-07-05,,6,34000,14508.97,10.01
674,785,5468,Consumer Durables Loan,4864167697542417.0,2023-06-16,,6,95000,60493.98,8.19
353,1010,9413,Consumer Durables Loan,3525968874010372.0,2021-10-27,,6,28000,1235.61,14.89
15,1392,2122,Consumer Durables Loan,4734223449340705.0,2021-12-31,2023-02-14,6,23000,5135.64,10.29
714,530,3360,Consumer Durables Loan,584556264383.0,2023-07-25,,6,57000,46188.46,10.78
884,924,7862,Consumer Durables Loan,3568562951916771.0,2023-12-24,,6,90000,44467.13,7.27
484,252,1529,Consumer Durables Loan,4703677459450.0,2022-09-02,,6,77000,40991.67,14.62
13,1390,4100,Consumer Durables Loan,4488068206493298.0,2022-01-10,2023-01-04,6,48000,23242.25,8.58
796,264,1669,Consumer Durables Loan,213123106946695.0,2023-10-07,,6,87000,13899.59,6.72
46,1294,4081,Consumer Durables Loan,5154851222305053.0,2023-12-23,,6,7000,6761.74,11.89
673,143,816,Consumer Durables Loan,6011247451585278.0,2023-06-15,,6,57000,18426.2,12.34
320,641,4116,Consumer Durables Loan,3501973130263268.0,2021-06-18,,6,64000,38816.79,7.06
354,772,5243,Consumer Durables Loan,4487637629269781.0,2021-10-30,,6,75000,69710.45,10.63
10,1387,2715,Consumer Durables Loan,4377789071147.0,2021-09-06,2023-01-01,6,14000,3908.2,7.54
857,489,3135,Consumer Durables Loan,6011881342741912.0,2023-11-29,,6,83000,10935.26,13.34
478,502,3201,Consumer Durables Loan,180007844707254.0,2022-08-22,,6,25000,5199.28,6.55
358,88,496,Consumer Durables Loan,4616308102620072.0,2021-11-04,,6,89000,6599.1,7.43
534,707,4560,Consumer Durables Loan,588022100709.0,2022-11-21,,6,22000,10959.54,9.03
46,1423,2820,Consumer Durables Loan,4.14583e+15,2022-12-23,2023-12-22,6,32000,19732.5,8.3
767,653,4212,Consumer Durables Loan,3506455914424733.0,2023-09-16,,6,28000,3724.03,15.71
237,577,3687,Consumer Durables Loan,3538005273613368.0,2019-02-15,,6,83000,1196.85,7.65
7,1384,1089,Consumer Durables Loan,213186799939467.0,2021-11-24,2022-10-19,6,32000,26947.74,7.18
709,603,3850,Consumer Durables Loan,582899324237.0,2023-07-20,,12,94000,88262.27,11.51
628,338,2146,Consumer Durables Loan,2245417198632777.0,2023-04-16,,12,97000,35727.43,7.98
233,1005,9285,Consumer Durables Loan,2226515145153327.0,2018-11-07,,12,41000,11007.76,8.28
57,1434,4791,Consumer Durables Loan,30534766737516.0,2018-12-29,2020-08-07,12,92000,41936.65,6.65
513,664,4316,Consumer Durables Loan,676166428794.0,2022-10-22,,12,65000,37635.48,6.62
312,977,8968,Consumer Durables Loan,4.7443144728254321e+18,2021-05-08,,12,4000,3580.17,10.53
64,1441,238,Consumer Durables Loan,30574059373231.0,2019-12-28,2021-06-19,12,68000,10574.85,7.86
84,1461,2226,Consumer Durables Loan,583607331506.0,2020-11-06,2022-07-12,12,39000,6539.24,12.47
792,394,2501,Consumer Durables Loan,348522769560552.0,2023-10-05,,12,60000,33580.02,10.75
608,48,295,Consumer Durables Loan,4289355132629538.0,2023-03-10,,12,13000,8941.6,8.84
403,171,1027,Consumer Durables Loan,4408855299759719.0,2022-03-05,,12,39000,17403.14,13.28
42,1419,9,Consumer Durables Loan,213140434901903.0,2022-06-17,2023-11-02,12,4000,2524.34,6.44
854,500,3192,Consumer Durables Loan,4.29272e+15,2023-11-26,,12,48000,45603.08,11.18
75,1452,3583,Consumer Durables Loan,3546567301439983.0,2021-01-19,2022-02-09,12,34000,28086.77,8.07
692,768,5223,Consumer Durables Loan,2306019192124243.0,2023-07-06,,12,75000,57044.35,10.97
537,237,1445,Consumer Durables Loan,5597993550975704.0,2022-11-25,,12,98000,5982.3,11.48
621,965,8636,Consumer Durables Loan,6599162544970397.0,2023-04-02,,12,65000,60256.21,6.57
693,233,1418,Consumer Durables Loan,6011964435371373.0,2023-07-07,,12,49000,31163.05,7.03
802,1035,9732,Consumer Durables Loan,3523036776535771.0,2023-10-11,,12,3000,2530.97,7.02
272,397,2513,Consumer Durables Loan,30145882754853.0,2020-06-24,,12,56000,10901.8,14.02
641,235,1438,Consumer Durables Loan,213135506619524.0,2023-05-02,,12,59000,43102.22,14.64
301,14,112,Consumer Durables Loan,378152644335328.0,2021-02-17,,12,91000,36166.65,7.3
474,628,4007,Consumer Durables Loan,213185752980146.0,2022-08-11,,12,75000,10346.04,7.61
748,1150,12020,Consumer Durables Loan,3569549321053293.0,2023-08-25,,12,81000,66018.5,11.87
626,510,3256,Consumer Durables Loan,30582550687652.0,2023-04-13,,12,59000,38551.62,7.47
611,2,19,Consumer Durables Loan,676255282441.0,2023-03-13,,12,55000,48435.4,8.77
594,726,4721,Consumer Durables Loan,2261366268032492.0,2023-02-26,,12,49000,24248.4,8.47
330,119,655,Consumer Durables Loan,377704205759832.0,2021-08-08,,12,52000,23885.01,15.14
568,149,858,Consumer Durables Loan,3.52908e+15,2023-01-07,,12,62000,57154.09,12.72
834,46,273,Consumer Durables Loan,346734584367053.0,2023-11-10,,12,50000,49320.09,10.12
473,1220,13160,Consumer Durables Loan,6011115444540355.0,2022-08-08,,12,47000,37482.56,7.67
609,58,358,Consumer Durables Loan,5.35065e+15,2023-03-11,,12,83000,54749.25,7.02
57,321,2058,Consumer Durables Loan,3504047995663412.0,2023-08-16,,12,17000,14487.14,7.81
281,98,537,Consumer Durables Loan,675989904924.0,2020-09-06,,12,33000,25298.23,15.15
43,1291,5138,Consumer Durables Loan,6506460794761082.0,2021-04-20,,12,78000,42195.53,6.96
646,456,2929,Consumer Durables Loan,3520905893114129.0,2023-05-16,,12,45000,33959.13,8.13
6,1383,3944,Consumer Durables Loan,2234024724906064.0,2021-12-15,2022-06-21,12,97000,64235.03,13.09
29,1406,2320,Consumer Durables Loan,4010384850122415.0,2022-02-03,2023-08-04,12,12000,3149.8,15.28
539,86,490,Consumer Durables Loan,343521779535849.0,2022-11-28,,12,53000,2856.9,13.99
452,443,2808,Consumer Durables Loan,213193156611291.0,2022-06-29,,12,23000,9468.16,6.75
778,335,2137,Consumer Durables Loan,213101118618403.0,2023-09-25,,12,47000,21506.65,8.24
724,795,5563,Consumer Durables Loan,3578497549151367.0,2023-08-02,,12,22000,8538.13,9.98
887,442,2796,Consumer Durables Loan,3.57896e+15,2023-12-26,,12,48000,2242.17,14.42
576,401,2532,Consumer Durables Loan,4551502074994856.0,2023-01-19,,12,78000,72162.06,7.53
816,855,6764,Consumer Durables Loan,3501373973665549.0,2023-10-24,,12,21000,15521.0,10.4
715,396,2508,Consumer Durables Loan,4300955778603633.0,2023-07-26,,12,11000,7021.58,9.67
47,1295,2324,Consumer Durables Loan,4719199695264.0,2023-04-14,,12,19000,13431.29,14.32
722,1155,12088,Consumer Durables Loan,6011434307773254.0,2023-08-01,,12,95000,4987.74,7.11
259,15,114,Consumer Durables Loan,578086042541.0,2020-03-05,,12,38000,483.93,9.84
783,180,1062,Consumer Durables Loan,4082617176406944.0,2023-09-29,,12,51000,39411.94,10.12
293,337,2141,Consumer Durables Loan,4448798493292966.0,2021-01-01,,12,47000,36430.44,12.27
656,207,1244,Consumer Durables Loan,30366059371467.0,2023-05-25,,12,2000,1237.01,7.38
665,17,127,Consumer Durables Loan,370340971071016.0,2023-06-07,,12,79000,20698.95,13.98
569,659,4258,Consumer Durables Loan,5464197627725445.0,2023-01-08,,12,29000,26548.14,6.39
606,72,447,Consumer Durables Loan,582716669350.0,2023-03-09,,12,90000,59341.23,13.77
384,298,1885,Consumer Durables Loan,3564921434586474.0,2022-01-17,,12,75000,17576.06,13.7
387,1093,11011,Consumer Durables Loan,2483964357842821.0,2022-01-20,,12,22000,2155.59,9.02
624,71,441,Consumer Durables Loan,3524743580574081.0,2023-04-11,,12,66000,55992.39,14.45
878,473,3063,Consumer Durables Loan,346452787027420.0,2023-12-22,,12,65000,3713.71,7.93
51,1428,3128,Consumer Durables Loan,4394134885543.0,2023-02-13,2023-12-27,12,73000,1440.23,12.11
618,784,5461,Consumer Durables Loan,213144660538587.0,2023-03-24,,12,86000,76871.96,14.09
363,57,347,Consumer Durables Loan,3580899867985985.0,2021-11-09,,12,42000,24110.46,13.26
625,330,2124,Consumer Durables Loan,630488889845.0,2023-04-11,,12,20000,3723.14,6.32
71,1448,10887,Consumer Durables Loan,4.007923003647723e+18,2021-05-06,2021-12-21,12,47000,42325.69,14.68
616,515,3268,Consumer Durables Loan,6534469545171562.0,2023-03-23,,12,79000,7650.55,7.05
67,1444,4343,Consumer Durables Loan,4982203670876667.0,2020-08-12,2021-12-24,12,66000,14294.93,9.38
840,409,2562,Consumer Durables Loan,376436707623601.0,2023-11-16,,12,84000,11318.31,13.06
490,19,130,Consumer Durables Loan,4201661139978389.0,2022-09-09,,12,13000,1809.88,9.24
61,1438,4532,Consumer Durables Loan,2720889479416357.0,2019-10-13,2020-11-20,12,15000,2839.52,7.86
518,59,365,Consumer Durables Loan,38168099030315.0,2022-10-27,,12,61000,17636.91,6.16
710,146,822,Consumer Durables Loan,4627454542015452.0,2023-07-23,,12,27000,22972.56,8.92
393,667,4333,Consumer Durables Loan,3529166869233309.0,2022-01-31,,12,30000,16943.77,6.03
607,1199,12826,Consumer Durables Loan,4.13354196998223e+18,2023-03-09,,12,75000,27205.38,10.29
867,378,2430,Consumer Durables Loan,373771193364663.0,2023-12-11,,12,14000,6418.91,6.9
30,1407,1777,Consumer Durables Loan,4943890244410912.0,2021-11-08,2023-10-21,12,82000,29051.05,15.06
807,61,374,Consumer Durables Loan,4296527525928294.0,2023-10-18,,12,25000,24111.09,12.29
702,640,4115,Consumer Durables Loan,4.5199708545491891e+18,2023-07-14,,12,17000,11674.5,15.26
54,1302,3636,Consumer Durables Loan,180044767284896.0,2023-04-13,,12,85000,61408.56,13.69
813,31,208,Consumer Durables Loan,3536460767524781.0,2023-10-21,,12,70000,51941.81,13.63
485,495,3181,Consumer Durables Loan,4210265407122883.0,2022-09-02,,12,48000,21708.86,10.56
567,304,1913,Consumer Durables Loan,4108138312213946.0,2023-01-06,,18,41000,19047.62,9.68
610,334,2133,Consumer Durables Loan,4553298834908.0,2023-03-13,,18,19000,1572.81,15.42
18,1395,1707,Consumer Durables Loan,38202725419665.0,2021-10-22,2023-01-19,18,10000,1901.18,14.72
554,380,2434,Consumer Durables Loan,3589118965678314.0,2022-12-15,,18,35000,9369.29,11.95
739,346,2177,Consumer Durables Loan,589265770810.0,2023-08-14,,18,79000,18200.2,12.4
664,469,3026,Consumer Durables Loan,213198982736154.0,2023-06-07,,18,20000,3226.66,7.72
547,25,158,Consumer Durables Loan,4744348714485.0,2022-12-06,,18,46000,35736.13,12.5
20,1397,4701,Consumer Durables Loan,4.5130115705531694e+18,2022-08-20,2023-04-10,18,47000,231.48,6.02
242,732,4763,Consumer Durables Loan,30562676412755.0,2019-07-21,,18,13000,8191.81,14.31
23,1400,2815,Consumer Durables Loan,6011879695704594.0,2022-01-24,2023-07-13,18,1000,954.68,14.44
589,398,2522,Consumer Durables Loan,3535744708196143.0,2023-02-14,,18,60000,45412.53,11.72
735,77,466,Consumer Durables Loan,4005464851163381.0,2023-08-13,,18,62000,40726.16,9.08
506,49,305,Consumer Durables Loan,38319850463126.0,2022-10-03,,18,93000,32685.12,11.36
366,294,1861,Consumer Durables Loan,180067811645929.0,2021-12-04,,18,28000,4603.64,8.35
536,472,3056,Consumer Durables Loan,213111978536298.0,2022-11-24,,18,93000,37811.16,7.9
731,179,1059,Consumer Durables Loan,579494753992.0,2023-08-10,,18,86000,40109.24,12.97
538,1234,13386,Consumer Durables Loan,4329304997618329.0,2022-11-28,,18,13000,7443.02,8.86
251,778,5275,Consumer Durables Loan,4719521491153135.0,2020-01-02,,18,60000,59218.82,8.41
402,568,3615,Consumer Durables Loan,3581609433281705.0,2022-03-05,,18,66000,34671.22,13.17
784,765,5175,Consumer Durables Loan,6510535600070291.0,2023-09-29,,18,59000,16768.05,12.23
239,437,2762,Consumer Durables Loan,676233497780.0,2019-06-01,,18,51000,30405.05,14.83
56,1304,4740,Consumer Durables Loan,501827544955.0,2023-02-09,,18,9000,3211.25,7.74
671,123,679,Consumer Durables Loan,4585146800186.0,2023-06-12,,18,65000,11961.46,11.2
745,29,192,Consumer Durables Loan,4882258173589.0,2023-08-20,,18,92000,30644.16,9.08
657,1216,13097,Consumer Durables Loan,4933871198436.0,2023-05-26,,18,10000,1147.25,11.48
61,531,3378,Consumer Durables Loan,4679048626169.0,2023-08-24,,18,63000,32263.21,8.38
845,632,4069,Consumer Durables Loan,4831483606261928.0,2023-11-19,,18,50000,35707.52,11.79
333,1164,12269,Consumer Durables Loan,676107207760.0,2021-08-12,,18,79000,61223.11,8.08
698,567,3611,Consumer Durables Loan,2591969891301415.0,2023-07-08,,18,43000,4502.83,14.18
429,430,2713,Consumer Durables Loan,30339964665547.0,2022-05-26,,18,91000,88249.52,13.49
53,1430,1066,Consumer Durables Loan,4854345971738503.0,2019-02-22,2019-12-03,18,62000,56895.62,14.56
858,626,3992,Consumer Durables Loan,60415807340.0,2023-11-30,,18,37000,22106.64,10.42
355,528,3356,Consumer Durables Loan,6.57749e+15,2021-10-31,,18,40000,1770.32,8.21
266,545,3458,Consumer Durables Loan,3581914968098684.0,2020-05-30,,18,91000,51675.21,12.53
570,517,3291,Consumer Durables Loan,2407429899698142.0,2023-01-09,,18,96000,95207.62,15.49
58,1435,13660,Consumer Durables Loan,4745033884442.0,2019-03-02,2020-09-15,18,30000,18766.71,9.43
798,366,2335,Consumer Durables Loan,3532957768407225.0,2023-10-09,,18,71000,25568.24,7.26
491,356,2268,Consumer Durables Loan,6555404442382073.0,2022-09-13,,18,99000,27285.46,12.47
499,612,3906,Consumer Durables Loan,4145348960666.0,2022-09-22,,18,49000,22476.63,7.89
415,232,1396,Consumer Durables Loan,4165546275139.0,2022-05-01,,18,6000,2283.24,11.58
795,447,2845,Consumer Durables Loan,60451821379.0,2023-10-07,,18,46000,19099.51,14.7
580,214,1292,Consumer Durables Loan,373270658666365.0,2023-01-24,,18,87000,37391.5,11.44
392,534,3387,Consumer Durables Loan,377718602117626.0,2022-01-29,,18,20000,4201.1,9.79
632,176,1049,Consumer Durables Loan,6512629968123228.0,2023-04-25,,18,58000,38477.25,11.36
352,381,2440,Consumer Durables Loan,4266829042087.0,2021-10-27,,18,45000,25176.48,8.19
35,1412,12787,Consumer Durables Loan,376790485075123.0,2022-10-10,2023-11-10,18,29000,25387.41,10.29
825,746,4901,Consumer Durables Loan,4794515527988.0,2023-11-04,,18,42000,15510.79,13.3
706,548,3501,Consumer Durables Loan,4188159212984918.0,2023-07-16,,18,55000,21216.16,14.31
444,145,819,Consumer Durables Loan,3.57684e+15,2022-06-17,,18,69000,50603.69,15.06
19,1396,3667,Consumer Durables Loan,4.57264e+15,2021-05-28,2023-03-24,18,73000,15348.19,9.94
340,882,7195,Consumer Durables Loan,4339506988738563.0,2021-09-11,,18,100000,86388.87,15.02
81,1458,1850,Consumer Durables Loan,639000713557.0,2020-08-20,2022-05-02,18,38000,24099.59,15.45
514,251,1525,Consumer Durables Loan,6581658608518147.0,2022-10-23,,18,71000,31962.86,11.91
49,1426,5978,Consumer Durables Loan,30119632295681.0,2022-12-31,2023-12-26,18,24000,12177.22,13.07
686,250,1522,Consumer Durables Loan,30162636056147.0,2023-06-30,,18,63000,56794.21,11.41
34,1411,1453,Consumer Durables Loan,4850567002968908.0,2023-02-12,2023-11-08,18,60000,6323.82,7.13
483,41,256,Consumer Durables Loan,378114327563535.0,2022-08-31,,18,69000,367.71,10.56
445,1178,12542,Consumer Durables Loan,2240205143123793.0,2022-06-19,,18,21000,3962.29,11.28
367,10,77,Consumer Durables Loan,4.0665019125329418e+18,2021-12-07,,18,95000,29181.44,12.76
407,665,4318,Consumer Durables Loan,2421485098371131.0,2022-03-24,,18,52000,44479.36,7.45
733,221,1339,Consumer Durables Loan,6011521220172497.0,2023-08-10,,18,50000,49631.06,9.84
860,20,131,Consumer Durables Loan,180063469881452.0,2023-12-02,,18,58000,38916.57,6.94
566,83,483,Consumer Durables Loan,3.55701e+15,2023-01-05,,18,53000,25908.67,6.52
298,202,1228,Consumer Durables Loan,4525524566247588.0,2021-02-04,,18,85000,62052.08,7.66
284,342,2157,Consumer Durables Loan,3566767319731141.0,2020-09-27,,18,91000,18113.15,7.94
11,1388,4522,Consumer Durables Loan,4414396780305.0,2022-02-25,2023-02-08,18,57000,42647.31,7.75
33,282,1799,Consumer Durables Loan,180069934999126.0,2022-12-13,,18,22000,14198.8,15.9
297,606,3883,Consumer Durables Loan,3531155477478204.0,2021-01-22,,18,27000,22768.89,6.98
48,1296,1647,Consumer Durables Loan,4740951744970915.0,2021-06-11,,18,23000,15740.92,15.99
540,540,3425,Consumer Durables Loan,3528790484278893.0,2022-11-29,,18,33000,27472.46,7.51
654,415,2609,Consumer Durables Loan,180060344927138.0,2023-05-25,,18,47000,23879.64,10.17
258,166,999,Consumer Durables Loan,30568950510206.0,2020-03-05,,18,47000,32450.01,14.55
667,192,1169,Consumer Durables Loan,180050773278798.0,2023-06-08,,18,20000,7765.18,13.44
864,201,1223,Consumer Durables Loan,4764710256170.0,2023-12-08,,18,90000,66053.25,10.28
49,1297,3102,Consumer Durables Loan,30357512627355.0,2023-10-05,,18,25000,18959.17,13.46
472,663,4295,Consumer Durables Loan,2379001919862117.0,2022-08-06,,18,67000,31423.48,14.25
545,739,4821,Consumer Durables Loan,675939173901.0,2022-12-03,,18,83000,19471.94,7.37
328,303,1912,Consumer Durables Loan,6548411095154642.0,2021-08-01,,18,73000,20481.29,7.08
652,639,4112,Consumer Durables Loan,3580323906594807.0,2023-05-23,,18,43000,21156.1,8.72
3,1380,1812,Consumer Durables Loan,6011632083530588.0,2020-06-22,2021-07-06,18,52000,38673.25,14.03
13,1319,2388,Debt Consolidation Loan,676104800054.0,2023-12-15,,3,59000,14961.35,7.06
26,1332,326,Debt Consolidation Loan,4.2747413656566723e+18,2023-10-18,,3,11000,2485.95,10.78
54,1360,2125,Debt Consolidation Loan,5388209445898701.0,2023-06-30,,3,80000,58858.0,6.41
50,1356,3075,Debt Consolidation Loan,4010833978906.0,2023-07-12,,3,56000,36137.33,8.93
21,1327,2951,Debt Consolidation Loan,213101383405981.0,2023-10-07,,3,7000,4507.98,13.17
12,1318,3944,Debt Consolidation Loan,374646178238943.0,2022-06-25,,3,39000,2446.47,9.36
0,208,1246,Debt Consolidation Loan,4570565092686512.0,2020-02-08,,3,42000,39529.11,11.71
33,1339,1707,Debt Consolidation Loan,4.45070843718802e+18,2023-01-25,,3,11000,3178.94,15.97
25,1331,5978,Debt Consolidation Loan,4297063076201443.0,2023-12-22,,3,89000,60154.12,8.2
32,1338,1133,Debt Consolidation Loan,213180581191221.0,2023-05-15,,3,80000,49854.52,13.14
48,1354,9,Debt Consolidation Loan,4809642455344097.0,2023-12-25,,3,88000,63720.42,8.13
27,1333,1629,Debt Consolidation Loan,676367061634.0,2022-05-13,,3,77000,76610.75,12.71
55,1361,2958,Debt Consolidation Loan,348516276749013.0,2023-09-05,2023-09-08,3,55000,48836.3,10.75
15,1321,1453,Debt Consolidation Loan,4197407938329879.0,2023-12-12,,3,65000,56505.77,11.58
7,1313,1089,Debt Consolidation Loan,4.5073483869408804e+18,2023-08-14,,3,11000,3165.36,11.87
62,1368,3378,Debt Consolidation Loan,4221019913370388.0,2023-10-05,,3,71000,19827.47,10.96
4,1310,3667,Debt Consolidation Loan,4392643274880173.0,2023-07-23,,3,84000,51815.83,7.3
18,1095,11023,Debt Consolidation Loan,4637575626699312.0,2022-07-28,,3,57000,5614.64,14.32
44,263,1668,Debt Consolidation Loan,340994897536531.0,2023-04-17,,3,49000,23631.23,15.98
41,1347,4553,Debt Consolidation Loan,4496304011410.0,2023-11-24,,3,3000,997.53,12.83
85,506,3236,Debt Consolidation Loan,4089715855576525.0,2023-12-19,,3,41000,10775.62,6.5
66,1372,4862,Debt Consolidation Loan,3585635857042717.0,2023-10-28,2023-11-25,3,41000,38102.86,10.56
42,1348,4100,Debt Consolidation Loan,2224369751136545.0,2023-06-22,,3,6000,667.67,13.02
56,1362,1179,Debt Consolidation Loan,213142009225114.0,2023-11-28,,3,79000,72748.31,12.55
49,1355,3134,Debt Consolidation Loan,4654035069236.0,2023-10-30,,3,19000,4204.84,8.81
16,1322,79,Debt Consolidation Loan,4.6260443074507571e+18,2023-03-09,,3,62000,37681.46,8.61
64,1370,2156,Debt Consolidation Loan,6520402366767776.0,2023-12-20,,3,87000,24242.82,9.3
65,1371,1799,Debt Consolidation Loan,501853135462.0,2022-12-24,,3,49000,8135.63,12.46
68,1374,4405,Debt Consolidation Loan,4037494908868924.0,2022-11-10,,3,11000,2533.83,13.96
53,1359,3753,Debt Consolidation Loan,5412455367069454.0,2023-12-26,,3,3000,684.63,7.38
58,1364,12502,Debt Consolidation Loan,4030287524768503.0,2022-10-28,,3,82000,11644.39,8.74
9,1315,1067,Debt Consolidation Loan,676386516949.0,2023-04-29,2023-05-16,3,3000,1171.56,11.05
60,1366,928,Debt Consolidation Loan,3550270600805037.0,2023-12-22,,3,11000,8002.74,9.77
0,1306,1579,Debt Consolidation Loan,6505873695432333.0,2023-10-29,2023-11-07,3,86000,3140.98,7.27
35,1341,2688,Debt Consolidation Loan,38049135815028.0,2022-04-06,,3,42000,11668.63,8.8
43,1349,1777,Debt Consolidation Loan,3504176380908098.0,2023-08-05,,3,16000,8133.37,15.23
11,1317,9333,Debt Consolidation Loan,4286813586791371.0,2023-10-03,,3,4000,1882.72,8.62
51,1357,1220,Debt Consolidation Loan,36587867132957.0,2022-12-19,,3,85000,80426.24,14.57
13,490,3136,Debt Consolidation Loan,344776014490866.0,2022-02-07,,3,85000,13155.14,6.86
55,1076,10604,Debt Consolidation Loan,347319019647912.0,2023-07-27,,3,22000,7563.35,15.31
82,1177,12535,Debt Consolidation Loan,372071332179176.0,2023-12-06,,3,69000,54940.78,10.02
57,1363,9409,Debt Consolidation Loan,3.53381e+15,2022-10-15,,3,98000,63002.06,13.03
5,1311,1388,Debt Consolidation Loan,4318478633866964.0,2023-11-02,,3,40000,17878.13,8.12
3,1309,12635,Debt Consolidation Loan,4907819106582231.0,2023-01-10,,6,93000,27905.99,10.86
31,1337,2445,Debt Consolidation Loan,213144568162761.0,2023-09-03,,6,75000,20384.49,13.7
8,1314,1718,Debt Consolidation Loan,3500588347520762.0,2023-04-14,,6,44000,18409.86,7.12
45,761,5128,Debt Consolidation Loan,213113272833272.0,2023-04-23,,6,47000,45871.78,10.66
44,1350,2977,Debt Consolidation Loan,375547645073914.0,2023-10-10,,6,6000,3040.45,6.64
17,1323,3465,Debt Consolidation Loan,6011649360551525.0,2023-10-19,,6,73000,40996.65,8.57
61,1367,1289,Debt Consolidation Loan,3585129028980245.0,2022-08-12,,6,67000,18613.4,10.21
20,238,1452,Debt Consolidation Loan,4945116819899.0,2022-08-17,,6,29000,28668.69,11.05
38,1344,11771,Debt Consolidation Loan,3527599289781089.0,2023-12-01,,6,77000,47988.23,12.34
45,1351,7683,Debt Consolidation Loan,4.16231e+15,2023-06-04,,6,45000,37395.2,12.35
10,706,4559,Debt Consolidation Loan,30455386845937.0,2022-01-16,,6,72000,17728.09,10.35
1,3,41,Debt Consolidation Loan,3582430224387851.0,2020-09-03,,6,71000,43986.2,13.53
63,1369,2911,Debt Consolidation Loan,180088729003886.0,2023-12-11,2023-12-25,6,28000,2759.61,9.37
67,1373,5253,Debt Consolidation Loan,3591539577563287.0,2023-12-18,2023-12-23,6,60000,30280.33,10.19
22,1328,1811,Debt Consolidation Loan,6546631006951891.0,2023-11-23,,6,75000,26258.61,13.75
9,565,3601,Debt Consolidation Loan,4796783581233.0,2022-01-06,,6,33000,10021.22,7.84
37,1343,1812,Debt Consolidation Loan,3589568515540184.0,2023-03-21,,6,98000,73440.96,14.63
30,1336,2122,Debt Consolidation Loan,347059655765905.0,2023-08-06,,6,59000,40946.6,8.27
10,1316,1876,Debt Consolidation Loan,379255027445017.0,2023-01-12,2023-06-18,6,33000,27009.38,11.03
29,1335,2320,Debt Consolidation Loan,3557434636373237.0,2023-06-21,,6,84000,48542.91,10.32
47,1353,562,Debt Consolidation Loan,345191846923283.0,2023-08-07,,6,56000,14663.11,11.12
40,1346,2489,Debt Consolidation Loan,4.3424037259314094e+18,2023-11-14,2023-12-04,6,55000,52634.45,8.56
19,1325,2815,Debt Consolidation Loan,6.56845e+15,2023-08-07,,12,20000,9083.18,6.74
19,884,7286,Debt Consolidation Loan,30242221924576.0,2022-07-31,,12,85000,83246.81,14.93
2,1308,1536,Debt Consolidation Loan,4.54608866150903e+18,2023-11-18,,12,56000,54263.31,11.09
46,1352,12787,Debt Consolidation Loan,4.9213857893741373e+18,2023-12-29,2023-12-29,12,23000,8631.28,8.3
14,1320,4522,Debt Consolidation Loan,344967873763754.0,2023-05-30,,12,91000,8235.83,13.05
23,1329,3128,Debt Consolidation Loan,4.3810977290611855e+18,2023-12-26,,12,43000,8639.33,12.53
70,1376,2058,Debt Consolidation Loan,3598099828680102.0,2023-12-20,2023-12-26,12,10000,3597.99,15.4
69,561,3581,Debt Consolidation Loan,563930541542.0,2023-09-28,,12,90000,23955.16,6.93
8,99,548,Debt Consolidation Loan,675986687241.0,2021-10-09,,12,93000,91108.79,15.17
28,1334,3253,Debt Consolidation Loan,578755752263.0,2023-11-21,2023-12-22,12,93000,33490.08,9.65
34,1340,4701,Debt Consolidation Loan,3519763623865426.0,2023-09-24,2023-09-27,12,43000,29479.59,15.59
69,1375,3292,Debt Consolidation Loan,2284884608527727.0,2023-04-08,,12,8000,3591.35,12.25
20,1326,1930,Debt Consolidation Loan,3502775174935357.0,2023-10-14,2023-12-10,18,36000,18672.81,8.3
24,1330,2820,Debt Consolidation Loan,4749586820180665.0,2023-12-10,,18,44000,19985.73,8.42
1,1307,3414,Debt Consolidation Loan,588821622242.0,2023-09-12,,18,39000,1723.25,7.39
52,354,2265,Debt Consolidation Loan,502046377250.0,2023-06-30,,18,48000,12193.42,9.45
59,1365,886,Debt Consolidation Loan,4039034055214.0,2022-12-12,2023-05-21,18,80000,27619.57,12.2
39,599,3824,Debt Consolidation Loan,30538440541855.0,2023-03-08,,18,97000,5067.83,15.35
36,1342,1842,Debt Consolidation Loan,3534172348857737.0,2023-07-29,,18,21000,18829.92,6.04
18,1324,694,Debt Consolidation Loan,344637151696832.0,2023-12-26,2023-12-29,18,11000,1899.67,13.42
52,1358,7127,Debt Consolidation Loan,4351951861294222.0,2023-02-17,,18,90000,87601.79,8.53
39,1345,2715,Debt Consolidation Loan,60414381040.0,2023-12-19,,18,8000,4360.87,9.48
6,1312,3448,Debt Consolidation Loan,2268026813686324.0,2023-09-22,,18,61000,996.61,12.66